library	symbol	class
libPKA	pka_add	submit
libPKA	pka_add_subtract	submit
libPKA	pka_avail_desc_count	query
libPKA	pka_dev_close_ring	lifecycle
libPKA	pka_dev_get_ring_info	query
libPKA	pka_dev_has_avail_ring	poll
libPKA	pka_dev_mmap_ring	lifecycle
libPKA	pka_dev_munmap_ring	lifecycle
libPKA	pka_dev_open_ring	lifecycle
libPKA	pka_dh	submit
libPKA	pka_divide	submit
libPKA	pka_dsa_signature_generate	submit
libPKA	pka_dsa_signature_verify	submit
libPKA	pka_ecc_pt_add	submit
libPKA	pka_ecc_pt_mult	submit
libPKA	pka_ecdh	submit
libPKA	pka_ecdsa_signature_generate	submit
libPKA	pka_ecdsa_signature_verify	submit
libPKA	pka_get_rand_bytes	submit
libPKA	pka_get_result	query
libPKA	pka_get_result_by_user_data	query
libPKA	pka_get_rings_bitmask	query
libPKA	pka_get_rings_byte_order	query
libPKA	pka_get_rings_count	query
libPKA	pka_has_avail_result	poll
libPKA	pka_init_global	lifecycle
libPKA	pka_init_local	lifecycle
libPKA	pka_mem_alloc	lifecycle
libPKA	pka_mem_create	lifecycle
libPKA	pka_mem_free	lifecycle
libPKA	pka_mem_is_full	capability
libPKA	pka_mem_largest_chunk_size	query
libPKA	pka_mem_reset	lifecycle
libPKA	pka_modular_exp	submit
libPKA	pka_modular_exp_crt	submit
libPKA	pka_modular_inverse	submit
libPKA	pka_modulo	submit
libPKA	pka_mont_ecdh	submit
libPKA	pka_mont_ecdh_mult	submit
libPKA	pka_multiply	submit
libPKA	pka_queue_cmd_dequeue	poll
libPKA	pka_queue_cmd_enqueue	submit
libPKA	pka_queue_create	lifecycle
libPKA	pka_queue_dump	query
libPKA	pka_queue_free	lifecycle
libPKA	pka_queue_get_memsize	query
libPKA	pka_queue_load_cmd_desc	submit
libPKA	pka_queue_rslt_dequeue_by_user_data	poll
libPKA	pka_queue_rslt_enqueue	submit
libPKA	pka_queue_set_cmd_desc	query
libPKA	pka_queue_set_rslt_desc	query
libPKA	pka_request_count	query
libPKA	pka_ring_dequeue_rslt_desc	poll
libPKA	pka_ring_dump	query
libPKA	pka_ring_enqueue_cmd_desc	submit
libPKA	pka_ring_free	lifecycle
libPKA	pka_ring_get_result	query
libPKA	pka_ring_has_available_room	poll
libPKA	pka_ring_has_ready_rslt	poll
libPKA	pka_ring_lookup	query
libPKA	pka_ring_pop_tag	query
libPKA	pka_ring_push_tag	query
libPKA	pka_ring_results_len	query
libPKA	pka_ring_set_cmd_desc	construct
libPKA	pka_rsa	submit
libPKA	pka_rsa_crt	submit
libPKA	pka_shift_left	submit
libPKA	pka_shift_right	submit
libPKA	pka_stats_print	query
libPKA	pka_subtract	submit
libPKA	pka_term_global	lifecycle
libPKA	pka_term_local	lifecycle
libPKA	pka_try_acquire_lock	poll
libPKA	pka_try_release_lock	poll
libPKA	pka_wait	poll
libdoca_aes_gcm	doca_aes_gcm_as_ctx	query
libdoca_aes_gcm	doca_aes_gcm_cap_get_max_num_tasks	capability
libdoca_aes_gcm	doca_aes_gcm_cap_task_decrypt_get_max_buf_size	capability
libdoca_aes_gcm	doca_aes_gcm_cap_task_decrypt_get_max_iv_len	capability
libdoca_aes_gcm	doca_aes_gcm_cap_task_decrypt_get_max_list_buf_num_elem	capability
libdoca_aes_gcm	doca_aes_gcm_cap_task_decrypt_is_key_type_supported	capability
libdoca_aes_gcm	doca_aes_gcm_cap_task_decrypt_is_supported	capability
libdoca_aes_gcm	doca_aes_gcm_cap_task_decrypt_is_tag_128_supported	capability
libdoca_aes_gcm	doca_aes_gcm_cap_task_decrypt_is_tag_96_supported	capability
libdoca_aes_gcm	doca_aes_gcm_cap_task_encrypt_get_max_buf_size	capability
libdoca_aes_gcm	doca_aes_gcm_cap_task_encrypt_get_max_iv_len	capability
libdoca_aes_gcm	doca_aes_gcm_cap_task_encrypt_get_max_list_buf_num_elem	capability
libdoca_aes_gcm	doca_aes_gcm_cap_task_encrypt_is_key_type_supported	capability
libdoca_aes_gcm	doca_aes_gcm_cap_task_encrypt_is_supported	capability
libdoca_aes_gcm	doca_aes_gcm_cap_task_encrypt_is_tag_128_supported	capability
libdoca_aes_gcm	doca_aes_gcm_cap_task_encrypt_is_tag_96_supported	capability
libdoca_aes_gcm	doca_aes_gcm_create	lifecycle
libdoca_aes_gcm	doca_aes_gcm_destroy	lifecycle
libdoca_aes_gcm	doca_aes_gcm_key_create	lifecycle
libdoca_aes_gcm	doca_aes_gcm_key_destroy	lifecycle
libdoca_aes_gcm	doca_aes_gcm_task_decrypt_alloc_init	construct
libdoca_aes_gcm	doca_aes_gcm_task_decrypt_as_task	construct
libdoca_aes_gcm	doca_aes_gcm_task_decrypt_get_aad_size	query
libdoca_aes_gcm	doca_aes_gcm_task_decrypt_get_dst	query
libdoca_aes_gcm	doca_aes_gcm_task_decrypt_get_iv	query
libdoca_aes_gcm	doca_aes_gcm_task_decrypt_get_key	query
libdoca_aes_gcm	doca_aes_gcm_task_decrypt_get_src	query
libdoca_aes_gcm	doca_aes_gcm_task_decrypt_get_tag_size	query
libdoca_aes_gcm	doca_aes_gcm_task_decrypt_set_aad_size	query
libdoca_aes_gcm	doca_aes_gcm_task_decrypt_set_conf	query
libdoca_aes_gcm	doca_aes_gcm_task_decrypt_set_dst	query
libdoca_aes_gcm	doca_aes_gcm_task_decrypt_set_iv	query
libdoca_aes_gcm	doca_aes_gcm_task_decrypt_set_key	query
libdoca_aes_gcm	doca_aes_gcm_task_decrypt_set_src	query
libdoca_aes_gcm	doca_aes_gcm_task_decrypt_set_tag_size	query
libdoca_aes_gcm	doca_aes_gcm_task_encrypt_alloc_init	construct
libdoca_aes_gcm	doca_aes_gcm_task_encrypt_as_task	construct
libdoca_aes_gcm	doca_aes_gcm_task_encrypt_get_aad_size	query
libdoca_aes_gcm	doca_aes_gcm_task_encrypt_get_dst	query
libdoca_aes_gcm	doca_aes_gcm_task_encrypt_get_iv	query
libdoca_aes_gcm	doca_aes_gcm_task_encrypt_get_key	query
libdoca_aes_gcm	doca_aes_gcm_task_encrypt_get_src	query
libdoca_aes_gcm	doca_aes_gcm_task_encrypt_get_tag_size	query
libdoca_aes_gcm	doca_aes_gcm_task_encrypt_set_aad_size	query
libdoca_aes_gcm	doca_aes_gcm_task_encrypt_set_conf	query
libdoca_aes_gcm	doca_aes_gcm_task_encrypt_set_dst	query
libdoca_aes_gcm	doca_aes_gcm_task_encrypt_set_iv	query
libdoca_aes_gcm	doca_aes_gcm_task_encrypt_set_key	query
libdoca_aes_gcm	doca_aes_gcm_task_encrypt_set_src	query
libdoca_aes_gcm	doca_aes_gcm_task_encrypt_set_tag_size	query
libdoca_aes_gcm	priv_doca_aes_gcm_disable_umr	lifecycle
libdoca_aes_gcm	priv_doca_aes_gcm_get_log_num_qps	query
libdoca_aes_gcm	priv_doca_aes_gcm_get_log_qp_depth	query
libdoca_aes_gcm	priv_doca_aes_gcm_get_num_wqes_per_task	query
libdoca_aes_gcm	priv_doca_aes_gcm_set_log_num_qps	query
libdoca_aes_gcm	priv_doca_aes_gcm_set_log_qp_depth	query
libdoca_apsh	__doca_apsh_attst_info_get	internal
libdoca_apsh	__doca_apsh_container_info_get	internal
libdoca_apsh	__doca_apsh_envar_info_get	internal
libdoca_apsh	__doca_apsh_handle_info_get	internal
libdoca_apsh	__doca_apsh_injection_detect_info_get	internal
libdoca_apsh	__doca_apsh_interface_info_get	internal
libdoca_apsh	__doca_apsh_ldrmodule_info_get	internal
libdoca_apsh	__doca_apsh_lib_info_get	internal
libdoca_apsh	__doca_apsh_module_info_get	internal
libdoca_apsh	__doca_apsh_netscan_info_get	internal
libdoca_apsh	__doca_apsh_privilege_info_get	internal
libdoca_apsh	__doca_apsh_proc_file_details_info_get	internal
libdoca_apsh	__doca_apsh_process_info_get	internal
libdoca_apsh	__doca_apsh_process_parameters_info_get	internal
libdoca_apsh	__doca_apsh_sid_info_get	internal
libdoca_apsh	__doca_apsh_sys_config	internal
libdoca_apsh	__doca_apsh_thread_info_get	internal
libdoca_apsh	__doca_apsh_vad_info_get	internal
libdoca_apsh	__doca_apsh_yara_info_get	internal
libdoca_apsh	__priv_apsh_service_attestation_info_get	internal
libdoca_apsh	__priv_apsh_service_lsof_info_get	internal
libdoca_apsh	__priv_apsh_service_netscan_info_get	internal
libdoca_apsh	__priv_apsh_service_process_info_get	internal
libdoca_apsh	__priv_apsh_service_thread_info_get	internal
libdoca_apsh	__priv_apsh_service_vma_info_get	internal
libdoca_apsh	doca_apsh_attestation_free	lifecycle
libdoca_apsh	doca_apsh_attestation_get	query
libdoca_apsh	doca_apsh_attst_refresh	query
libdoca_apsh	doca_apsh_container_processes_get	query
libdoca_apsh	doca_apsh_containers_free	lifecycle
libdoca_apsh	doca_apsh_containers_get	query
libdoca_apsh	doca_apsh_create	lifecycle
libdoca_apsh	doca_apsh_destroy	lifecycle
libdoca_apsh	doca_apsh_dma_dev_set	query
libdoca_apsh	doca_apsh_envars_free	lifecycle
libdoca_apsh	doca_apsh_envars_get	query
libdoca_apsh	doca_apsh_handles_free	lifecycle
libdoca_apsh	doca_apsh_handles_get	query
libdoca_apsh	doca_apsh_injection_detect_free	lifecycle
libdoca_apsh	doca_apsh_injection_detect_get	query
libdoca_apsh	doca_apsh_interfaces_free	lifecycle
libdoca_apsh	doca_apsh_interfaces_get	query
libdoca_apsh	doca_apsh_ldrmodules_free	lifecycle
libdoca_apsh	doca_apsh_ldrmodules_get	query
libdoca_apsh	doca_apsh_libs_free	lifecycle
libdoca_apsh	doca_apsh_libs_get	query
libdoca_apsh	doca_apsh_module_free	lifecycle
libdoca_apsh	doca_apsh_modules_get	query
libdoca_apsh	doca_apsh_netscan_free	lifecycle
libdoca_apsh	doca_apsh_netscan_get	query
libdoca_apsh	doca_apsh_privileges_free	lifecycle
libdoca_apsh	doca_apsh_privileges_get	query
libdoca_apsh	doca_apsh_proc_files_details_free	lifecycle
libdoca_apsh	doca_apsh_proc_files_details_get	query
libdoca_apsh	doca_apsh_process_netscan_get	query
libdoca_apsh	doca_apsh_process_parameters_free	lifecycle
libdoca_apsh	doca_apsh_process_parameters_get	query
libdoca_apsh	doca_apsh_processes_free	lifecycle
libdoca_apsh	doca_apsh_processes_get	query
libdoca_apsh	doca_apsh_sids_free	lifecycle
libdoca_apsh	doca_apsh_sids_get	query
libdoca_apsh	doca_apsh_start	lifecycle
libdoca_apsh	doca_apsh_sys_dev_set	query
libdoca_apsh	doca_apsh_sys_kpgd_file_set	query
libdoca_apsh	doca_apsh_sys_mem_region_set	query
libdoca_apsh	doca_apsh_sys_os_symbol_map_folder_set	query
libdoca_apsh	doca_apsh_sys_os_symbol_map_set	query
libdoca_apsh	doca_apsh_sys_os_type_set	query
libdoca_apsh	doca_apsh_sys_set_scan_window_size	query
libdoca_apsh	doca_apsh_sys_set_scan_window_step	query
libdoca_apsh	doca_apsh_system_create	lifecycle
libdoca_apsh	doca_apsh_system_destroy	lifecycle
libdoca_apsh	doca_apsh_system_start	lifecycle
libdoca_apsh	doca_apsh_threads_free	lifecycle
libdoca_apsh	doca_apsh_threads_get	query
libdoca_apsh	doca_apsh_vads_free	lifecycle
libdoca_apsh	doca_apsh_vads_get	query
libdoca_apsh	doca_apsh_yara_free	lifecycle
libdoca_apsh	doca_apsh_yara_get	query
libdoca_apsh	priv_apsh_service_attestation	internal
libdoca_apsh	priv_apsh_service_attestation_free	lifecycle
libdoca_apsh	priv_apsh_service_attestation_properties	query
libdoca_apsh	priv_apsh_service_attestation_singular_free	lifecycle
libdoca_apsh	priv_apsh_service_lsof	internal
libdoca_apsh	priv_apsh_service_lsof_free	lifecycle
libdoca_apsh	priv_apsh_service_lsof_properties	query
libdoca_apsh	priv_apsh_service_lsof_singular_free	lifecycle
libdoca_apsh	priv_apsh_service_netscan	internal
libdoca_apsh	priv_apsh_service_netscan_free	lifecycle
libdoca_apsh	priv_apsh_service_netscan_properties	query
libdoca_apsh	priv_apsh_service_netscan_singular_free	lifecycle
libdoca_apsh	priv_apsh_service_process	internal
libdoca_apsh	priv_apsh_service_process_free	lifecycle
libdoca_apsh	priv_apsh_service_process_properties	query
libdoca_apsh	priv_apsh_service_process_singular_free	lifecycle
libdoca_apsh	priv_apsh_service_thread	internal
libdoca_apsh	priv_apsh_service_thread_free	lifecycle
libdoca_apsh	priv_apsh_service_thread_singular_free	lifecycle
libdoca_apsh	priv_apsh_service_vma	internal
libdoca_apsh	priv_apsh_service_vma_free	lifecycle
libdoca_apsh	priv_apsh_service_vma_properties	query
libdoca_apsh	priv_apsh_service_vma_singular_free	lifecycle
libdoca_apsh	priv_doca_apsh_os_banner	internal
libdoca_apsh	priv_doca_apsh_sys_callback_set	query
libdoca_apsh	priv_doca_apsh_system_start_internal	lifecycle
libdoca_apsh	priv_doca_apsh_vaddump_get	query
libdoca_apsh	priv_doca_apsh_yara_get	query
libdoca_apsh	priv_doca_apsh_yara_refresh	internal
libdoca_apsh	priv_doca_telemetry_fwctl_close	lifecycle
libdoca_apsh	priv_doca_telemetry_fwctl_dev_open	lifecycle
libdoca_apsh	priv_doca_telemetry_fwctl_open_by_devinfo	lifecycle
libdoca_apsh	priv_doca_telemetry_fwctl_query_hca_caps_by_opmod	capability
libdoca_apsh	priv_doca_telemetry_fwctl_send_prm_cmd	internal
libdoca_argp	doca_argp_cmd_create	lifecycle
libdoca_argp	doca_argp_cmd_destroy	lifecycle
libdoca_argp	doca_argp_cmd_register_cmd	lifecycle
libdoca_argp	doca_argp_cmd_register_param	lifecycle
libdoca_argp	doca_argp_cmd_set_callback	query
libdoca_argp	doca_argp_cmd_set_description	query
libdoca_argp	doca_argp_cmd_set_hidden	query
libdoca_argp	doca_argp_cmd_set_name	query
libdoca_argp	doca_argp_destroy	lifecycle
libdoca_argp	doca_argp_disable_logger_callback	lifecycle
libdoca_argp	doca_argp_get_log_level	query
libdoca_argp	doca_argp_get_sdk_log_level	query
libdoca_argp	doca_argp_init	lifecycle
libdoca_argp	doca_argp_param_create	lifecycle
libdoca_argp	doca_argp_param_destroy	lifecycle
libdoca_argp	doca_argp_param_set_arguments	query
libdoca_argp	doca_argp_param_set_callback	query
libdoca_argp	doca_argp_param_set_cli_only	query
libdoca_argp	doca_argp_param_set_description	query
libdoca_argp	doca_argp_param_set_hidden	query
libdoca_argp	doca_argp_param_set_inherited	query
libdoca_argp	doca_argp_param_set_long_name	query
libdoca_argp	doca_argp_param_set_mandatory	query
libdoca_argp	doca_argp_param_set_multiplicity	query
libdoca_argp	doca_argp_param_set_short_name	query
libdoca_argp	doca_argp_param_set_singular	query
libdoca_argp	doca_argp_param_set_type	query
libdoca_argp	doca_argp_register_cmd	lifecycle
libdoca_argp	doca_argp_register_logger_callback	lifecycle
libdoca_argp	doca_argp_register_param	lifecycle
libdoca_argp	doca_argp_register_validation_callback	lifecycle
libdoca_argp	doca_argp_register_version_callback	lifecycle
libdoca_argp	doca_argp_set_dpdk_program	query
libdoca_argp	doca_argp_start	lifecycle
libdoca_argp	doca_argp_usage	query
libdoca_comch	doca_comch_cap_client_is_supported	capability
libdoca_comch	doca_comch_cap_get_max_clients	capability
libdoca_comch	doca_comch_cap_get_max_msg_size	capability
libdoca_comch	doca_comch_cap_get_max_name_len	capability
libdoca_comch	doca_comch_cap_get_max_recv_queue_size	capability
libdoca_comch	doca_comch_cap_get_max_send_tasks	capability
libdoca_comch	doca_comch_cap_server_is_supported	capability
libdoca_comch	doca_comch_client_as_ctx	query
libdoca_comch	doca_comch_client_create	lifecycle
libdoca_comch	doca_comch_client_destroy	lifecycle
libdoca_comch	doca_comch_client_event_consumer_register	lifecycle
libdoca_comch	doca_comch_client_event_msg_recv_register	lifecycle
libdoca_comch	doca_comch_client_get_client_ctx	query
libdoca_comch	doca_comch_client_get_connection	connect
libdoca_comch	doca_comch_client_get_device	query
libdoca_comch	doca_comch_client_get_max_msg_size	capability
libdoca_comch	doca_comch_client_get_recv_queue_size	query
libdoca_comch	doca_comch_client_set_max_msg_size	query
libdoca_comch	doca_comch_client_set_recv_queue_size	query
libdoca_comch	doca_comch_client_task_send_alloc_init	construct
libdoca_comch	doca_comch_client_task_send_set_conf	query
libdoca_comch	doca_comch_connection_get_counter	connect
libdoca_comch	doca_comch_connection_get_user_data	connect
libdoca_comch	doca_comch_connection_set_user_data	connect
libdoca_comch	doca_comch_connection_update_info	connect
libdoca_comch	doca_comch_consumer_as_ctx	query
libdoca_comch	doca_comch_consumer_cap_get_max_buf_list_len	capability
libdoca_comch	doca_comch_consumer_cap_get_max_buf_size	capability
libdoca_comch	doca_comch_consumer_cap_get_max_consumers	capability
libdoca_comch	doca_comch_consumer_cap_get_max_imm_data_len	capability
libdoca_comch	doca_comch_consumer_cap_get_max_num_tasks	capability
libdoca_comch	doca_comch_consumer_cap_is_supported	capability
libdoca_comch	doca_comch_consumer_completion_create	lifecycle
libdoca_comch	doca_comch_consumer_completion_destroy	lifecycle
libdoca_comch	doca_comch_consumer_completion_get_dpa_handle	query
libdoca_comch	doca_comch_consumer_completion_get_imm_data_len	query
libdoca_comch	doca_comch_consumer_completion_get_max_num_consumers	capability
libdoca_comch	doca_comch_consumer_completion_get_max_num_recv	capability
libdoca_comch	doca_comch_consumer_completion_set_dpa_thread	query
libdoca_comch	doca_comch_consumer_completion_set_imm_data_len	query
libdoca_comch	doca_comch_consumer_completion_set_max_num_consumers	query
libdoca_comch	doca_comch_consumer_completion_set_max_num_recv	query
libdoca_comch	doca_comch_consumer_completion_start	lifecycle
libdoca_comch	doca_comch_consumer_completion_stop	lifecycle
libdoca_comch	doca_comch_consumer_create	lifecycle
libdoca_comch	doca_comch_consumer_destroy	lifecycle
libdoca_comch	doca_comch_consumer_get_dpa_handle	query
libdoca_comch	doca_comch_consumer_get_id	query
libdoca_comch	doca_comch_consumer_get_imm_data_len	query
libdoca_comch	doca_comch_consumer_set_completion	query
libdoca_comch	doca_comch_consumer_set_dev_max_num_recv	query
libdoca_comch	doca_comch_consumer_set_imm_data_len	query
libdoca_comch	doca_comch_consumer_task_post_recv_alloc_init	submit
libdoca_comch	doca_comch_consumer_task_post_recv_as_task	submit
libdoca_comch	doca_comch_consumer_task_post_recv_get_buf	submit
libdoca_comch	doca_comch_consumer_task_post_recv_get_imm_data	submit
libdoca_comch	doca_comch_consumer_task_post_recv_get_imm_data_len	submit
libdoca_comch	doca_comch_consumer_task_post_recv_get_producer_id	submit
libdoca_comch	doca_comch_consumer_task_post_recv_set_buf	submit
libdoca_comch	doca_comch_consumer_task_post_recv_set_conf	submit
libdoca_comch	doca_comch_msgq_consumer_create	lifecycle
libdoca_comch	doca_comch_msgq_create	lifecycle
libdoca_comch	doca_comch_msgq_destroy	lifecycle
libdoca_comch	doca_comch_msgq_producer_create	lifecycle
libdoca_comch	doca_comch_msgq_set_dpa_consumer	query
libdoca_comch	doca_comch_msgq_set_dpa_producer	query
libdoca_comch	doca_comch_msgq_set_max_num_consumers	query
libdoca_comch	doca_comch_msgq_set_max_num_producers	query
libdoca_comch	doca_comch_msgq_start	lifecycle
libdoca_comch	doca_comch_msgq_stop	lifecycle
libdoca_comch	doca_comch_producer_as_ctx	query
libdoca_comch	doca_comch_producer_cap_get_max_buf_list_len	capability
libdoca_comch	doca_comch_producer_cap_get_max_buf_size	capability
libdoca_comch	doca_comch_producer_cap_get_max_num_tasks	capability
libdoca_comch	doca_comch_producer_cap_get_max_producers	capability
libdoca_comch	doca_comch_producer_cap_is_supported	capability
libdoca_comch	doca_comch_producer_create	lifecycle
libdoca_comch	doca_comch_producer_destroy	lifecycle
libdoca_comch	doca_comch_producer_dpa_completion_attach	lifecycle
libdoca_comch	doca_comch_producer_get_dpa_handle	query
libdoca_comch	doca_comch_producer_get_id	query
libdoca_comch	doca_comch_producer_set_dev_max_num_send	query
libdoca_comch	doca_comch_producer_task_send_alloc_init	construct
libdoca_comch	doca_comch_producer_task_send_as_task	construct
libdoca_comch	doca_comch_producer_task_send_get_buf	query
libdoca_comch	doca_comch_producer_task_send_get_consumer_id	query
libdoca_comch	doca_comch_producer_task_send_get_imm_data	query
libdoca_comch	doca_comch_producer_task_send_get_imm_data_len	query
libdoca_comch	doca_comch_producer_task_send_set_buf	query
libdoca_comch	doca_comch_producer_task_send_set_conf	query
libdoca_comch	doca_comch_producer_task_send_set_consumer_id	query
libdoca_comch	doca_comch_producer_task_send_set_imm_data	query
libdoca_comch	doca_comch_server_as_ctx	query
libdoca_comch	doca_comch_server_create	lifecycle
libdoca_comch	doca_comch_server_destroy	lifecycle
libdoca_comch	doca_comch_server_disconnect	connect
libdoca_comch	doca_comch_server_event_connection_status_changed_register	connect
libdoca_comch	doca_comch_server_event_consumer_register	lifecycle
libdoca_comch	doca_comch_server_event_msg_recv_register	lifecycle
libdoca_comch	doca_comch_server_get_device	query
libdoca_comch	doca_comch_server_get_device_rep	query
libdoca_comch	doca_comch_server_get_max_msg_size	capability
libdoca_comch	doca_comch_server_get_recv_queue_size	query
libdoca_comch	doca_comch_server_get_server_ctx	query
libdoca_comch	doca_comch_server_set_max_msg_size	query
libdoca_comch	doca_comch_server_set_recv_queue_size	query
libdoca_comch	doca_comch_server_task_send_alloc_init	construct
libdoca_comch	doca_comch_server_task_send_set_conf	query
libdoca_comch	doca_comch_task_send_as_task	construct
libdoca_comch	priv_doca_comch_fast_path_message_recv_callback	internal
libdoca_comch	priv_doca_comch_internal_send_task_submit	submit
libdoca_common	doca_buf_arr_create	lifecycle
libdoca_common	doca_buf_arr_destroy	lifecycle
libdoca_common	doca_buf_arr_get_dpa_handle	query
libdoca_common	doca_buf_arr_get_gpu_handle	query
libdoca_common	doca_buf_arr_set_params	query
libdoca_common	doca_buf_arr_set_target_dpa	query
libdoca_common	doca_buf_arr_set_target_gpu	query
libdoca_common	doca_buf_arr_start	lifecycle
libdoca_common	doca_buf_arr_stop	lifecycle
libdoca_common	doca_buf_chain_list	construct
libdoca_common	doca_buf_chain_list_tail	construct
libdoca_common	doca_buf_dec_refcount	lifecycle
libdoca_common	doca_buf_get_data	query
libdoca_common	doca_buf_get_data_len	query
libdoca_common	doca_buf_get_head	query
libdoca_common	doca_buf_get_last_in_list	query
libdoca_common	doca_buf_get_len	query
libdoca_common	doca_buf_get_list_len	query
libdoca_common	doca_buf_get_next_in_list	query
libdoca_common	doca_buf_get_refcount	query
libdoca_common	doca_buf_inc_refcount	lifecycle
libdoca_common	doca_buf_inventory_buf_dup	construct
libdoca_common	doca_buf_inventory_buf_get_by_args	query
libdoca_common	doca_buf_inventory_create	lifecycle
libdoca_common	doca_buf_inventory_destroy	lifecycle
libdoca_common	doca_buf_inventory_expand	construct
libdoca_common	doca_buf_inventory_get_num_elements	query
libdoca_common	doca_buf_inventory_get_num_free_elements	lifecycle
libdoca_common	doca_buf_inventory_get_user_data	query
libdoca_common	doca_buf_inventory_set_user_data	query
libdoca_common	doca_buf_inventory_start	lifecycle
libdoca_common	doca_buf_inventory_stop	lifecycle
libdoca_common	doca_buf_is_first_in_list	capability
libdoca_common	doca_buf_is_in_list	capability
libdoca_common	doca_buf_is_last_in_list	capability
libdoca_common	doca_buf_pool_buf_alloc	lifecycle
libdoca_common	doca_buf_pool_create	lifecycle
libdoca_common	doca_buf_pool_destroy	lifecycle
libdoca_common	doca_buf_pool_get_element_alignment	query
libdoca_common	doca_buf_pool_get_num_elements	query
libdoca_common	doca_buf_pool_get_num_free_elements	lifecycle
libdoca_common	doca_buf_pool_get_user_data	query
libdoca_common	doca_buf_pool_set_element_alignment	query
libdoca_common	doca_buf_pool_set_user_data	query
libdoca_common	doca_buf_pool_start	lifecycle
libdoca_common	doca_buf_pool_stop	lifecycle
libdoca_common	doca_buf_reset_data_len	query
libdoca_common	doca_buf_set_data	query
libdoca_common	doca_buf_set_data_len	query
libdoca_common	doca_buf_unchain_list	construct
libdoca_common	doca_ctx_cap_get_num_completion_vectors	capability
libdoca_common	doca_ctx_flush_tasks	poll
libdoca_common	doca_ctx_get_num_inflight_tasks	query
libdoca_common	doca_ctx_get_state	query
libdoca_common	doca_ctx_get_user_data	query
libdoca_common	doca_ctx_set_completion_vector	query
libdoca_common	doca_ctx_set_datapath_on_dpa	query
libdoca_common	doca_ctx_set_datapath_on_gpu	query
libdoca_common	doca_ctx_set_state_changed_cb	query
libdoca_common	doca_ctx_set_user_data	query
libdoca_common	doca_ctx_start	lifecycle
libdoca_common	doca_ctx_stop	lifecycle
libdoca_common	doca_dev_accelerate_resource_reclaim	lifecycle
libdoca_common	doca_dev_as_devinfo	query
libdoca_common	doca_dev_close	lifecycle
libdoca_common	doca_dev_open	lifecycle
libdoca_common	doca_dev_rep_as_devinfo	query
libdoca_common	doca_dev_rep_close	lifecycle
libdoca_common	doca_dev_rep_open	lifecycle
libdoca_common	doca_devinfo_cap_is_accelerate_resource_reclaim_supported	capability
libdoca_common	doca_devinfo_cap_is_hotplug_manager_supported	lifecycle
libdoca_common	doca_devinfo_cap_is_notification_moderation_supported	capability
libdoca_common	doca_devinfo_create_list	lifecycle
libdoca_common	doca_devinfo_destroy_list	lifecycle
libdoca_common	doca_devinfo_get_active_rate	query
libdoca_common	doca_devinfo_get_ibdev_name	query
libdoca_common	doca_devinfo_get_iface_name	query
libdoca_common	doca_devinfo_get_ipv4_addr	query
libdoca_common	doca_devinfo_get_ipv6_addr	query
libdoca_common	doca_devinfo_get_lid	query
libdoca_common	doca_devinfo_get_mac_addr	query
libdoca_common	doca_devinfo_get_pci_addr_str	query
libdoca_common	doca_devinfo_get_vhca_id	query
libdoca_common	doca_devinfo_is_equal_pci_addr	capability
libdoca_common	doca_devinfo_rep_cap_is_filter_all_supported	capability
libdoca_common	doca_devinfo_rep_cap_is_filter_emulated_supported	capability
libdoca_common	doca_devinfo_rep_cap_is_filter_net_supported	capability
libdoca_common	doca_devinfo_rep_create_list	lifecycle
libdoca_common	doca_devinfo_rep_destroy_list	lifecycle
libdoca_common	doca_devinfo_rep_get_iface_name	query
libdoca_common	doca_devinfo_rep_get_is_hotplug	lifecycle
libdoca_common	doca_devinfo_rep_get_pci_addr_str	query
libdoca_common	doca_devinfo_rep_get_pci_func_type	query
libdoca_common	doca_devinfo_rep_get_vhca_id	query
libdoca_common	doca_devinfo_rep_get_vuid	query
libdoca_common	doca_devinfo_rep_is_equal_pci_addr	capability
libdoca_common	doca_error_get_descr	query
libdoca_common	doca_error_get_name	query
libdoca_common	doca_graph_add_dependency	lifecycle
libdoca_common	doca_graph_create	lifecycle
libdoca_common	doca_graph_destroy	lifecycle
libdoca_common	doca_graph_get_user_data	query
libdoca_common	doca_graph_instance_create	lifecycle
libdoca_common	doca_graph_instance_destroy	lifecycle
libdoca_common	doca_graph_instance_get_user_data	query
libdoca_common	doca_graph_instance_set_ctx_node_data	query
libdoca_common	doca_graph_instance_set_sub_graph_node_data	query
libdoca_common	doca_graph_instance_set_user_data	query
libdoca_common	doca_graph_instance_set_user_node_data	query
libdoca_common	doca_graph_instance_submit	submit
libdoca_common	doca_graph_node_create_from_ctx	lifecycle
libdoca_common	doca_graph_node_create_from_graph	lifecycle
libdoca_common	doca_graph_node_create_from_user	lifecycle
libdoca_common	doca_graph_set_conf	query
libdoca_common	doca_graph_set_user_data	query
libdoca_common	doca_graph_start	lifecycle
libdoca_common	doca_graph_stop	lifecycle
libdoca_common	doca_log	query
libdoca_common	doca_log_backend_create_standard	lifecycle
libdoca_common	doca_log_backend_create_with_buf	lifecycle
libdoca_common	doca_log_backend_create_with_buf_sdk	lifecycle
libdoca_common	doca_log_backend_create_with_fd	lifecycle
libdoca_common	doca_log_backend_create_with_fd_sdk	lifecycle
libdoca_common	doca_log_backend_create_with_file	lifecycle
libdoca_common	doca_log_backend_create_with_file_sdk	lifecycle
libdoca_common	doca_log_backend_create_with_syslog	lifecycle
libdoca_common	doca_log_backend_create_with_syslog_sdk	lifecycle
libdoca_common	doca_log_backend_set_level_lower_limit	query
libdoca_common	doca_log_backend_set_level_lower_limit_strict	query
libdoca_common	doca_log_backend_set_level_upper_limit	query
libdoca_common	doca_log_backend_set_level_upper_limit_strict	query
libdoca_common	doca_log_backend_set_sdk_level	query
libdoca_common	doca_log_level_get_global_lower_limit	query
libdoca_common	doca_log_level_get_global_sdk_limit	query
libdoca_common	doca_log_level_get_global_upper_limit	query
libdoca_common	doca_log_level_set_global_lower_limit	query
libdoca_common	doca_log_level_set_global_sdk_limit	query
libdoca_common	doca_log_level_set_global_upper_limit	query
libdoca_common	doca_log_register_source	lifecycle
libdoca_common	doca_log_unregister_source	lifecycle
libdoca_common	doca_mmap_add_dev	lifecycle
libdoca_common	doca_mmap_advise_as_ctx	lifecycle
libdoca_common	doca_mmap_advise_cap_task_cache_invalidate_is_supported	lifecycle
libdoca_common	doca_mmap_advise_create	lifecycle
libdoca_common	doca_mmap_advise_destroy	lifecycle
libdoca_common	doca_mmap_advise_task_cache_invalidate_get_max_buf_size	lifecycle
libdoca_common	doca_mmap_advise_task_invalidate_cache_alloc_init	construct
libdoca_common	doca_mmap_advise_task_invalidate_cache_as_doca_task	construct
libdoca_common	doca_mmap_advise_task_invalidate_cache_get_buf	lifecycle
libdoca_common	doca_mmap_advise_task_invalidate_cache_set_buf	lifecycle
libdoca_common	doca_mmap_advise_task_invalidate_cache_set_conf	lifecycle
libdoca_common	doca_mmap_cap_is_create_from_export_pci_supported	connect
libdoca_common	doca_mmap_cap_is_export_pci_supported	connect
libdoca_common	doca_mmap_create	lifecycle
libdoca_common	doca_mmap_create_from_export	connect
libdoca_common	doca_mmap_destroy	lifecycle
libdoca_common	doca_mmap_dev_get_dpa_handle	lifecycle
libdoca_common	doca_mmap_enable_thread_safety	lifecycle
libdoca_common	doca_mmap_export_pci	connect
libdoca_common	doca_mmap_export_rdma	connect
libdoca_common	doca_mmap_get_exported	connect
libdoca_common	doca_mmap_get_from_export	connect
libdoca_common	doca_mmap_get_max_num_devices	lifecycle
libdoca_common	doca_mmap_get_memrange	lifecycle
libdoca_common	doca_mmap_get_num_bufs	lifecycle
libdoca_common	doca_mmap_get_user_data	lifecycle
libdoca_common	doca_mmap_rm_dev	lifecycle
libdoca_common	doca_mmap_set_dmabuf_memrange	lifecycle
libdoca_common	doca_mmap_set_dpa_memrange	lifecycle
libdoca_common	doca_mmap_set_free_cb	lifecycle
libdoca_common	doca_mmap_set_max_num_devices	lifecycle
libdoca_common	doca_mmap_set_memrange	lifecycle
libdoca_common	doca_mmap_set_permissions	lifecycle
libdoca_common	doca_mmap_set_user_data	lifecycle
libdoca_common	doca_mmap_start	lifecycle
libdoca_common	doca_mmap_stop	lifecycle
libdoca_common	doca_pe_clear_notification	poll
libdoca_common	doca_pe_connect_ctx	connect
libdoca_common	doca_pe_create	lifecycle
libdoca_common	doca_pe_destroy	lifecycle
libdoca_common	doca_pe_get_notification_handle	query
libdoca_common	doca_pe_get_num_inflight_tasks	query
libdoca_common	doca_pe_progress	poll
libdoca_common	doca_pe_request_notification	poll
libdoca_common	doca_pe_set_event_mode	query
libdoca_common	doca_rdma_bridge_get_buf_mkey	query
libdoca_common	doca_rdma_bridge_get_dev_pd	query
libdoca_common	doca_rdma_bridge_get_mmap_mkey_from_pd	lifecycle
libdoca_common	doca_rdma_bridge_open_dev_from_pd	lifecycle
libdoca_common	doca_sync_event_add_publisher_location_cpu	lifecycle
libdoca_common	doca_sync_event_add_publisher_location_dpa	lifecycle
libdoca_common	doca_sync_event_add_publisher_location_gpu	lifecycle
libdoca_common	doca_sync_event_add_publisher_location_remote_net	lifecycle
libdoca_common	doca_sync_event_add_publisher_location_remote_pci	lifecycle
libdoca_common	doca_sync_event_add_subscriber_location_cpu	lifecycle
libdoca_common	doca_sync_event_add_subscriber_location_dpa	lifecycle
libdoca_common	doca_sync_event_add_subscriber_location_gpu	lifecycle
libdoca_common	doca_sync_event_add_subscriber_location_remote_pci	lifecycle
libdoca_common	doca_sync_event_as_ctx	query
libdoca_common	doca_sync_event_cap_is_create_from_export_supported	connect
libdoca_common	doca_sync_event_cap_is_export_to_dpa_supported	connect
libdoca_common	doca_sync_event_cap_is_export_to_gpu_supported	connect
libdoca_common	doca_sync_event_cap_is_export_to_remote_net_supported	connect
libdoca_common	doca_sync_event_cap_is_export_to_remote_pci_supported	connect
libdoca_common	doca_sync_event_cap_remote_net_is_create_from_export_supported	connect
libdoca_common	doca_sync_event_cap_remote_net_is_export_to_dpa_supported	connect
libdoca_common	doca_sync_event_cap_remote_net_is_export_to_gpu_supported	connect
libdoca_common	doca_sync_event_cap_task_get_is_supported	capability
libdoca_common	doca_sync_event_cap_task_notify_add_is_supported	lifecycle
libdoca_common	doca_sync_event_cap_task_notify_set_is_supported	capability
libdoca_common	doca_sync_event_cap_task_wait_eq_is_supported	poll
libdoca_common	doca_sync_event_cap_task_wait_neq_is_supported	poll
libdoca_common	doca_sync_event_create	lifecycle
libdoca_common	doca_sync_event_create_from_export	connect
libdoca_common	doca_sync_event_destroy	lifecycle
libdoca_common	doca_sync_event_export_to_remote_net	connect
libdoca_common	doca_sync_event_export_to_remote_pci	connect
libdoca_common	doca_sync_event_get	query
libdoca_common	doca_sync_event_get_dpa_handle	query
libdoca_common	doca_sync_event_get_gpu_handle	query
libdoca_common	doca_sync_event_remote_net_create_from_export	connect
libdoca_common	doca_sync_event_remote_net_destroy	lifecycle
libdoca_common	doca_sync_event_remote_net_get_dpa_handle	query
libdoca_common	doca_sync_event_remote_net_get_gpu_handle	query
libdoca_common	doca_sync_event_set_addr	query
libdoca_common	doca_sync_event_set_doca_buf	query
libdoca_common	doca_sync_event_start	lifecycle
libdoca_common	doca_sync_event_stop	lifecycle
libdoca_common	doca_sync_event_task_get_alloc_init	construct
libdoca_common	doca_sync_event_task_get_as_doca_task	construct
libdoca_common	doca_sync_event_task_get_get_ret_val_ptr	query
libdoca_common	doca_sync_event_task_get_set_conf	query
libdoca_common	doca_sync_event_task_get_set_ret_val_ptr	query
libdoca_common	doca_sync_event_task_notify_add_alloc_init	construct
libdoca_common	doca_sync_event_task_notify_add_as_doca_task	construct
libdoca_common	doca_sync_event_task_notify_add_get_fetched_val_ptr	lifecycle
libdoca_common	doca_sync_event_task_notify_add_get_inc_val	lifecycle
libdoca_common	doca_sync_event_task_notify_add_set_conf	lifecycle
libdoca_common	doca_sync_event_task_notify_add_set_fetched_val_ptr	lifecycle
libdoca_common	doca_sync_event_task_notify_add_set_inc_val	lifecycle
libdoca_common	doca_sync_event_task_notify_set_alloc_init	construct
libdoca_common	doca_sync_event_task_notify_set_as_doca_task	construct
libdoca_common	doca_sync_event_task_notify_set_get_set_val	query
libdoca_common	doca_sync_event_task_notify_set_set_conf	query
libdoca_common	doca_sync_event_task_notify_set_set_set_val	query
libdoca_common	doca_sync_event_task_wait_eq_alloc_init	construct
libdoca_common	doca_sync_event_task_wait_eq_as_doca_task	construct
libdoca_common	doca_sync_event_task_wait_eq_get_mask	poll
libdoca_common	doca_sync_event_task_wait_eq_get_wait_val	poll
libdoca_common	doca_sync_event_task_wait_eq_set_conf	poll
libdoca_common	doca_sync_event_task_wait_eq_set_mask	poll
libdoca_common	doca_sync_event_task_wait_eq_set_wait_val	poll
libdoca_common	doca_sync_event_task_wait_neq_alloc_init	construct
libdoca_common	doca_sync_event_task_wait_neq_as_doca_task	construct
libdoca_common	doca_sync_event_task_wait_neq_get_mask	poll
libdoca_common	doca_sync_event_task_wait_neq_get_wait_val	poll
libdoca_common	doca_sync_event_task_wait_neq_set_conf	poll
libdoca_common	doca_sync_event_task_wait_neq_set_mask	poll
libdoca_common	doca_sync_event_task_wait_neq_set_wait_val	poll
libdoca_common	doca_sync_event_update_add	lifecycle
libdoca_common	doca_sync_event_update_set	query
libdoca_common	doca_sync_event_wait_eq	poll
libdoca_common	doca_sync_event_wait_eq_yield	poll
libdoca_common	doca_sync_event_wait_gt	poll
libdoca_common	doca_sync_event_wait_gt_yield	poll
libdoca_common	doca_sync_event_wait_neq	poll
libdoca_common	doca_sync_event_wait_neq_yield	poll
libdoca_common	doca_task_batch_free	lifecycle
libdoca_common	doca_task_batch_get_ctx	query
libdoca_common	doca_task_batch_get_ctx_user_data	query
libdoca_common	doca_task_batch_get_status	query
libdoca_common	doca_task_batch_get_tasks_num	query
libdoca_common	doca_task_batch_get_user_data	query
libdoca_common	doca_task_batch_set_user_data	query
libdoca_common	doca_task_batch_submit	submit
libdoca_common	doca_task_batch_try_submit	submit
libdoca_common	doca_task_free	lifecycle
libdoca_common	doca_task_get_ctx	query
libdoca_common	doca_task_get_status	query
libdoca_common	doca_task_get_user_data	query
libdoca_common	doca_task_set_user_data	query
libdoca_common	doca_task_submit	submit
libdoca_common	doca_task_submit_ex	submit
libdoca_common	doca_task_try_submit	submit
libdoca_common	doca_uar_create	lifecycle
libdoca_common	doca_uar_destroy	lifecycle
libdoca_common	doca_uar_dpa_create	lifecycle
libdoca_common	doca_uar_id_get	query
libdoca_common	doca_uar_page_get	query
libdoca_common	doca_uar_reg_addr_get	lifecycle
libdoca_common	doca_umem_create	lifecycle
libdoca_common	doca_umem_destroy	lifecycle
libdoca_common	doca_umem_dpa_create	lifecycle
libdoca_common	doca_umem_get_address	query
libdoca_common	doca_umem_get_id	query
libdoca_common	doca_umem_get_size	query
libdoca_common	doca_umem_gpu_create	lifecycle
libdoca_common	doca_version_runtime	query
libdoca_common	priv_doca_access_flag_valid	internal
libdoca_common	priv_doca_aligned_free	lifecycle
libdoca_common	priv_doca_aligned_malloc	memory
libdoca_common	priv_doca_aligned_zalloc	memory
libdoca_common	priv_doca_allocate_aligned_buffer	memory
libdoca_common	priv_doca_asprintf	memory
libdoca_common	priv_doca_aux_task_service_cmd_ack	internal
libdoca_common	priv_doca_aux_task_service_cmd_continue	internal
libdoca_common	priv_doca_aux_task_service_cmd_release	lifecycle
libdoca_common	priv_doca_aux_task_service_cmd_return	internal
libdoca_common	priv_doca_aux_task_service_create	lifecycle
libdoca_common	priv_doca_aux_task_service_destroy	lifecycle
libdoca_common	priv_doca_aux_task_service_get_ats_devx_obj	query
libdoca_common	priv_doca_aux_task_service_get_caps	capability
libdoca_common	priv_doca_aux_task_service_poll	poll
libdoca_common	priv_doca_aux_task_service_query_state	query
libdoca_common	priv_doca_buf_arr_get_cfg	query
libdoca_common	priv_doca_buf_arr_get_cpu_handle	query
libdoca_common	priv_doca_buf_arr_set_cpu_params	query
libdoca_common	priv_doca_buf_arr_set_target_cpu	query
libdoca_common	priv_doca_buf_get_permissions	query
libdoca_common	priv_doca_buf_is_local	capability
libdoca_common	priv_doca_buf_mark_external	memory
libdoca_common	priv_doca_buf_print_buf	query
libdoca_common	priv_doca_buf_set_next	query
libdoca_common	priv_doca_buf_zba_mkey_get	query
libdoca_common	priv_doca_calloc	memory
libdoca_common	priv_doca_comp_events_channel_arm	poll
libdoca_common	priv_doca_comp_events_channel_handle_events	poll
libdoca_common	priv_doca_comp_events_channel_handle_get	query
libdoca_common	priv_doca_comp_events_channel_register	lifecycle
libdoca_common	priv_doca_comp_events_channel_unregister	lifecycle
libdoca_common	priv_doca_convert_doca_error_to_errno	query
libdoca_common	priv_doca_convert_errno_to_doca_error	query
libdoca_common	priv_doca_cq_arm_cb_set	query
libdoca_common	priv_doca_cq_bridge	connect
libdoca_common	priv_doca_cq_calc_ext_umem_size	query
libdoca_common	priv_doca_cq_cqe_event_handler_set	query
libdoca_common	priv_doca_cq_datapath_objects_get	query
libdoca_common	priv_doca_cq_empty	poll
libdoca_common	priv_doca_cq_number_get	query
libdoca_common	priv_doca_cq_poll	poll
libdoca_common	priv_doca_cq_poll_one	poll
libdoca_common	priv_doca_cq_query_state	query
libdoca_common	priv_doca_cq_set_moderation	query
libdoca_common	priv_doca_cq_user_data_get	query
libdoca_common	priv_doca_cq_user_data_set	query
libdoca_common	priv_doca_create_task_pool_conf	lifecycle
libdoca_common	priv_doca_ctx_get_state_name	query
libdoca_common	priv_doca_ctx_is_datapath_on_dpa	capability
libdoca_common	priv_doca_ctx_is_datapath_on_gpu	capability
libdoca_common	priv_doca_ctx_is_pe_mode	capability
libdoca_common	priv_doca_ctx_on_arm	poll
libdoca_common	priv_doca_ctx_pe_flush_tasks_default_cb	internal
libdoca_common	priv_doca_ctx_pe_pre_start_default_cb	lifecycle
libdoca_common	priv_doca_ctx_set_pe	query
libdoca_common	priv_doca_ctx_set_state_to_idle	query
libdoca_common	priv_doca_ctx_set_state_to_running	query
libdoca_common	priv_doca_ctx_set_state_to_stopping	query
libdoca_common	priv_doca_dct_bridge	connect
libdoca_common	priv_doca_dct_id_get	query
libdoca_common	priv_doca_dev_comp_events_channel_create	lifecycle
libdoca_common	priv_doca_dev_comp_events_channel_destroy	lifecycle
libdoca_common	priv_doca_dev_cq_create	lifecycle
libdoca_common	priv_doca_dev_cq_destroy	lifecycle
libdoca_common	priv_doca_dev_dct_create	lifecycle
libdoca_common	priv_doca_dev_dct_destroy	lifecycle
libdoca_common	priv_doca_dev_devx_object_create	lifecycle
libdoca_common	priv_doca_dev_devx_object_create_silent	lifecycle
libdoca_common	priv_doca_dev_devx_object_modify	command
libdoca_common	priv_doca_dev_get_available_reg_c_pair	lifecycle
libdoca_common	priv_doca_dev_get_external_fd	query
libdoca_common	priv_doca_dev_get_remote_mac	query
libdoca_common	priv_doca_dev_get_uar_reg_size	lifecycle
libdoca_common	priv_doca_dev_get_vhca_id	query
libdoca_common	priv_doca_dev_hca_caps_by_opmod_query	capability
libdoca_common	priv_doca_dev_id_get	query
libdoca_common	priv_doca_dev_is_external_get	capability
libdoca_common	priv_doca_dev_mapped_memory_region_create	lifecycle
libdoca_common	priv_doca_dev_mapped_memory_region_create_dmabuf	lifecycle
libdoca_common	priv_doca_dev_mapped_memory_region_create_external_pdn	lifecycle
libdoca_common	priv_doca_dev_mapped_memory_region_create_pg_sz	lifecycle
libdoca_common	priv_doca_dev_observer_register	lifecycle
libdoca_common	priv_doca_dev_observer_unregister	lifecycle
libdoca_common	priv_doca_dev_open_dev_from_ibv_ctx	lifecycle
libdoca_common	priv_doca_dev_open_dev_from_ibv_dev	lifecycle
libdoca_common	priv_doca_dev_pd_id_get	query
libdoca_common	priv_doca_dev_prm_cmd_send	submit
libdoca_common	priv_doca_dev_qp_create	lifecycle
libdoca_common	priv_doca_dev_qp_destroy	lifecycle
libdoca_common	priv_doca_dev_qp_group_create	lifecycle
libdoca_common	priv_doca_dev_qp_group_destroy	lifecycle
libdoca_common	priv_doca_dev_rep_dec_refcount	lifecycle
libdoca_common	priv_doca_dev_rep_get_emu_opmod	query
libdoca_common	priv_doca_dev_rep_get_rep_type	query
libdoca_common	priv_doca_dev_rep_host_number_get	query
libdoca_common	priv_doca_dev_rep_inc_refcount	lifecycle
libdoca_common	priv_doca_dev_rep_introspection_mkey_get	query
libdoca_common	priv_doca_dev_rep_introspection_mkey_set	query
libdoca_common	priv_doca_dev_rep_parent_get	query
libdoca_common	priv_doca_dev_rep_vport_get	query
libdoca_common	priv_doca_dev_reset_external_fd	internal
libdoca_common	priv_doca_dev_rmp_create	lifecycle
libdoca_common	priv_doca_dev_rmp_destroy	lifecycle
libdoca_common	priv_doca_dev_rq_create	lifecycle
libdoca_common	priv_doca_dev_rq_destroy	lifecycle
libdoca_common	priv_doca_dev_set_external_fd	query
libdoca_common	priv_doca_dev_sq_create	lifecycle
libdoca_common	priv_doca_dev_sq_destroy	lifecycle
libdoca_common	priv_doca_dev_to_ibv_ctx	query
libdoca_common	priv_doca_dev_uar_create	lifecycle
libdoca_common	priv_doca_dev_uar_create_from_external	lifecycle
libdoca_common	priv_doca_dev_uar_destroy	lifecycle
libdoca_common	priv_doca_dev_uar_dpa_create	lifecycle
libdoca_common	priv_doca_dev_umr_create	lifecycle
libdoca_common	priv_doca_dev_umr_create_ext	lifecycle
libdoca_common	priv_doca_dev_umr_destroy	lifecycle
libdoca_common	priv_doca_dev_validate_comp_vector	internal
libdoca_common	priv_doca_dev_vhca_id_get	query
libdoca_common	priv_doca_dev_zero_based_memory_region_create	lifecycle
libdoca_common	priv_doca_dev_zero_based_memory_region_create_pg_sz	lifecycle
libdoca_common	priv_doca_devinfo_create_filtered_list	lifecycle
libdoca_common	priv_doca_devinfo_esw_mgr_vport_meta_get	query
libdoca_common	priv_doca_devinfo_get_active_mtu	query
libdoca_common	priv_doca_devinfo_get_active_speed	query
libdoca_common	priv_doca_devinfo_get_active_width	query
libdoca_common	priv_doca_devinfo_get_gid_table_size	query
libdoca_common	priv_doca_devinfo_get_gids	query
libdoca_common	priv_doca_devinfo_get_is_bond	capability
libdoca_common	priv_doca_devinfo_get_is_ecpf	capability
libdoca_common	priv_doca_devinfo_get_is_eswitch_manager_in_switchdev_mode	capability
libdoca_common	priv_doca_devinfo_get_is_wod_be_supported	capability
libdoca_common	priv_doca_devinfo_get_is_wod_supported	capability
libdoca_common	priv_doca_devinfo_get_pci_dbdf	query
libdoca_common	priv_doca_devinfo_hca_caps_by_opmod_query	capability
libdoca_common	priv_doca_devinfo_ib_port_id_get	query
libdoca_common	priv_doca_devinfo_is_emulated_dev_mkey_crossing_supported	capability
libdoca_common	priv_doca_devinfo_is_sf_get	capability
libdoca_common	priv_doca_devinfo_prm_cmd_send	submit
libdoca_common	priv_doca_devinfo_rep_esw_owner_vhca_id_get	query
libdoca_common	priv_doca_devinfo_rep_get_hotplug_state	lifecycle
libdoca_common	priv_doca_devinfo_rep_ib_port_id_get	query
libdoca_common	priv_doca_devinfo_rep_is_equal	capability
libdoca_common	priv_doca_devinfo_rep_vf_index_get	query
libdoca_common	priv_doca_devinfo_rep_vhca_id_get	query
libdoca_common	priv_doca_devinfo_rep_vport_meta_get	query
libdoca_common	priv_doca_devinfo_sf_aux_dev_name_get	query
libdoca_common	priv_doca_devinfo_vhca_id_get	query
libdoca_common	priv_doca_devinfo_vport_meta_get	query
libdoca_common	priv_doca_devx_obj_bridge	connect
libdoca_common	priv_doca_devx_object_destroy	lifecycle
libdoca_common	priv_doca_devx_object_get	query
libdoca_common	priv_doca_devx_object_id_get	query
libdoca_common	priv_doca_devx_object_query	query
libdoca_common	priv_doca_event_channel_bridge	connect
libdoca_common	priv_doca_event_channel_create	lifecycle
libdoca_common	priv_doca_event_channel_destroy	lifecycle
libdoca_common	priv_doca_event_channel_get_event	poll
libdoca_common	priv_doca_event_channel_get_event_channel	poll
libdoca_common	priv_doca_event_channel_get_event_handle	poll
libdoca_common	priv_doca_event_channel_register_object	lifecycle
libdoca_common	priv_doca_exception_to_doca_error_imp	query
libdoca_common	priv_doca_export_import_get_data	connect
libdoca_common	priv_doca_export_import_get_header_length	connect
libdoca_common	priv_doca_export_import_prepare_for_export	connect
libdoca_common	priv_doca_free	lifecycle
libdoca_common	priv_doca_free_aligned_buffer	lifecycle
libdoca_common	priv_doca_generic_pool_create	lifecycle
libdoca_common	priv_doca_generic_pool_create_with_buffer	lifecycle
libdoca_common	priv_doca_generic_pool_destroy	lifecycle
libdoca_common	priv_doca_generic_pool_get	query
libdoca_common	priv_doca_generic_pool_is_pool_elem	capability
libdoca_common	priv_doca_generic_pool_iterate_elems	internal
libdoca_common	priv_doca_generic_pool_num_allocated_elements	internal
libdoca_common	priv_doca_generic_pool_num_free_elements	lifecycle
libdoca_common	priv_doca_generic_pool_put	lifecycle
libdoca_common	priv_doca_get_cpu_mhz	query
libdoca_common	priv_doca_get_cqe_opcode_str	query
libdoca_common	priv_doca_get_cqe_syndrome_str	query
libdoca_common	priv_doca_get_errno_str	query
libdoca_common	priv_doca_get_page_size	query
libdoca_common	priv_doca_get_process_id	query
libdoca_common	priv_doca_get_thread_id	query
libdoca_common	priv_doca_get_wqe_opcode_str	query
libdoca_common	priv_doca_graph_dot_string_create	lifecycle
libdoca_common	priv_doca_graph_dot_string_destroy	lifecycle
libdoca_common	priv_doca_id_allocator_create	lifecycle
libdoca_common	priv_doca_id_allocator_destroy	lifecycle
libdoca_common	priv_doca_id_allocator_get	query
libdoca_common	priv_doca_id_allocator_put	lifecycle
libdoca_common	priv_doca_log_clear_backends_sdk	internal
libdoca_common	priv_doca_log_developer	internal
libdoca_common	priv_doca_log_get_bucket_time	query
libdoca_common	priv_doca_log_get_header_source	query
libdoca_common	priv_doca_log_get_quantity	query
libdoca_common	priv_doca_log_rate_bucket_register	lifecycle
libdoca_common	priv_doca_log_rate_limit	internal
libdoca_common	priv_doca_log_set_bucket_time	query
libdoca_common	priv_doca_log_set_quantity	query
libdoca_common	priv_doca_malloc	memory
libdoca_common	priv_doca_memdup	memory
libdoca_common	priv_doca_memory_region_destroy	lifecycle
libdoca_common	priv_doca_mmap_create_from_emulated_rep	lifecycle
libdoca_common	priv_doca_mmap_create_from_rep	lifecycle
libdoca_common	priv_doca_mmap_dev_exists	lifecycle
libdoca_common	priv_doca_mmap_export_imported_rdma	connect
libdoca_common	priv_doca_mmap_extract_mkey_by_device	lifecycle
libdoca_common	priv_doca_mmap_get_mmap_cfg	lifecycle
libdoca_common	priv_doca_mmap_get_num_devices	lifecycle
libdoca_common	priv_doca_mmap_get_permissions	lifecycle
libdoca_common	priv_doca_mmap_is_buf_in_chunk	lifecycle
libdoca_common	priv_doca_mmap_is_local	lifecycle
libdoca_common	priv_doca_mmap_is_pci_read_only	lifecycle
libdoca_common	priv_doca_mmap_is_pci_read_write	lifecycle
libdoca_common	priv_doca_mmap_is_started	lifecycle
libdoca_common	priv_doca_mmap_location_to_string	lifecycle
libdoca_common	priv_doca_mmap_register_external_buf_cbs	lifecycle
libdoca_common	priv_doca_mmap_zba_mkey_get	lifecycle
libdoca_common	priv_doca_mmo_create_mr	lifecycle
libdoca_common	priv_doca_mmo_ctx_connect_qps	connect
libdoca_common	priv_doca_mmo_ctx_create	lifecycle
libdoca_common	priv_doca_mmo_ctx_destroy	lifecycle
libdoca_common	priv_doca_mmo_ctx_to_error_qps	query
libdoca_common	priv_doca_mmo_destroy_mr	lifecycle
libdoca_common	priv_doca_mr_bridge	connect
libdoca_common	priv_doca_msgq_create	lifecycle
libdoca_common	priv_doca_msgq_destroy	lifecycle
libdoca_common	priv_doca_msgq_execute	internal
libdoca_common	priv_doca_msgq_get_submission_handle	query
libdoca_common	priv_doca_msgq_pending_messages	poll
libdoca_common	priv_doca_msgq_post_msg	submit
libdoca_common	priv_doca_pe_cq_register	lifecycle
libdoca_common	priv_doca_pe_cq_unregister	lifecycle
libdoca_common	priv_doca_pe_ctx_destroy	lifecycle
libdoca_common	priv_doca_pe_ctx_get_pe	query
libdoca_common	priv_doca_pe_ctx_init	lifecycle
libdoca_common	priv_doca_pe_ctx_init_ex	lifecycle
libdoca_common	priv_doca_pe_ctx_reset_cbs	internal
libdoca_common	priv_doca_pe_is_ctx_added_to_pe	capability
libdoca_common	priv_doca_pe_notification_handle_register	lifecycle
libdoca_common	priv_doca_pe_notification_handle_unregister	lifecycle
libdoca_common	priv_doca_pe_register_qp_bulk_ex	lifecycle
libdoca_common	priv_doca_pe_resume_ctx	query
libdoca_common	priv_doca_pe_suspend_ctx	query
libdoca_common	priv_doca_pe_unregister_qp_bulk	lifecycle
libdoca_common	priv_doca_qp_bridge	connect
libdoca_common	priv_doca_qp_calc_ext_continuous_umem_size	query
libdoca_common	priv_doca_qp_calc_ext_dbr_umem_size	query
libdoca_common	priv_doca_qp_calc_ext_wq_umem_size	query
libdoca_common	priv_doca_qp_connect	connect
libdoca_common	priv_doca_qp_datapath_objects_get	query
libdoca_common	priv_doca_qp_disconnect	connect
libdoca_common	priv_doca_qp_get_num_rq_free_slots	lifecycle
libdoca_common	priv_doca_qp_get_num_sq_free_slots	lifecycle
libdoca_common	priv_doca_qp_get_psn	query
libdoca_common	priv_doca_qp_get_qp_num	query
libdoca_common	priv_doca_qp_get_rq_buf	query
libdoca_common	priv_doca_qp_get_sq_buf	query
libdoca_common	priv_doca_qp_group_at	internal
libdoca_common	priv_doca_qp_group_calc_ext_umem_size	query
libdoca_common	priv_doca_qp_group_connect	connect
libdoca_common	priv_doca_qp_group_to_error	query
libdoca_common	priv_doca_qp_modify_udp_source_port	lifecycle
libdoca_common	priv_doca_qp_query_state	query
libdoca_common	priv_doca_qp_reset	lifecycle
libdoca_common	priv_doca_qp_set_default_local_attr	query
libdoca_common	priv_doca_qp_set_psn	query
libdoca_common	priv_doca_qp_to_error	query
libdoca_common	priv_doca_rand	internal
libdoca_common	priv_doca_random_engine_create	lifecycle
libdoca_common	priv_doca_random_engine_destroy	lifecycle
libdoca_common	priv_doca_random_engine_rand	internal
libdoca_common	priv_doca_random_engine_set_seed	query
libdoca_common	priv_doca_realloc	memory
libdoca_common	priv_doca_ring_count	query
libdoca_common	priv_doca_ring_create	lifecycle
libdoca_common	priv_doca_ring_dequeue	poll
libdoca_common	priv_doca_ring_dequeue_burst	internal
libdoca_common	priv_doca_ring_destroy	lifecycle
libdoca_common	priv_doca_ring_empty	internal
libdoca_common	priv_doca_ring_enqueue	submit
libdoca_common	priv_doca_ring_free_count	lifecycle
libdoca_common	priv_doca_ring_full	internal
libdoca_common	priv_doca_rmp_bridge	connect
libdoca_common	priv_doca_rmp_calc_ext_umem_size	query
libdoca_common	priv_doca_rmp_datapath_objects_get	query
libdoca_common	priv_doca_rmp_get_id	query
libdoca_common	priv_doca_rmp_get_wq_buffer	query
libdoca_common	priv_doca_rmp_get_wq_doorbell	submit
libdoca_common	priv_doca_rmp_get_wq_size	query
libdoca_common	priv_doca_rmp_post	submit
libdoca_common	priv_doca_rmp_query_state	query
libdoca_common	priv_doca_rq_bridge	connect
libdoca_common	priv_doca_rq_calc_ext_umem_size	query
libdoca_common	priv_doca_rq_datapath_objects_get	query
libdoca_common	priv_doca_rq_get_rq_buf	query
libdoca_common	priv_doca_rq_get_rq_num	query
libdoca_common	priv_doca_rq_is_error	capability
libdoca_common	priv_doca_rq_post	submit
libdoca_common	priv_doca_rq_recover_error	internal
libdoca_common	priv_doca_rq_to_error	query
libdoca_common	priv_doca_sq_bridge	connect
libdoca_common	priv_doca_sq_calc_ext_umem_size	query
libdoca_common	priv_doca_sq_datapath_objects_get	query
libdoca_common	priv_doca_sq_get_sq_buf	query
libdoca_common	priv_doca_sq_get_sq_num	query
libdoca_common	priv_doca_sq_is_error	capability
libdoca_common	priv_doca_sq_nc_post	submit
libdoca_common	priv_doca_sq_post	submit
libdoca_common	priv_doca_sq_recover_error	internal
libdoca_common	priv_doca_sq_to_error	query
libdoca_common	priv_doca_strdup	memory
libdoca_common	priv_doca_strlcpy	internal
libdoca_common	priv_doca_strndup	memory
libdoca_common	priv_doca_strtok	internal
libdoca_common	priv_doca_sub_dev_dpa_ops_get	query
libdoca_common	priv_doca_sub_dev_dpa_ops_set	query
libdoca_common	priv_doca_sub_dev_gpu_ops_get	query
libdoca_common	priv_doca_sub_dev_gpu_ops_set	query
libdoca_common	priv_doca_sync_event_data_get	query
libdoca_common	priv_doca_sync_event_ops_dpa_set	query
libdoca_common	priv_doca_sync_event_ops_gpu_set	query
libdoca_common	priv_doca_sync_event_remote_net_data_get	query
libdoca_common	priv_doca_task_pool_allocate_task	memory
libdoca_common	priv_doca_task_pool_can_destroy	lifecycle
libdoca_common	priv_doca_task_pool_create	lifecycle
libdoca_common	priv_doca_task_pool_destroy	lifecycle
libdoca_common	priv_doca_task_pool_expand	construct
libdoca_common	priv_doca_task_pool_get_conf	query
libdoca_common	priv_doca_task_pool_get_num_allocated_elements	query
libdoca_common	priv_doca_task_pool_get_num_free_elements	lifecycle
libdoca_common	priv_doca_task_pool_get_size	query
libdoca_common	priv_doca_uar_base_addr_get	query
libdoca_common	priv_doca_uar_bridge	connect
libdoca_common	priv_doca_uar_devx_obj_get	query
libdoca_common	priv_doca_uar_from_doca_uar	internal
libdoca_common	priv_doca_uar_id_get	query
libdoca_common	priv_doca_uar_page_get	query
libdoca_common	priv_doca_uar_reg_addr_get	lifecycle
libdoca_common	priv_doca_umem_base_offset_get	query
libdoca_common	priv_doca_umem_bridge	connect
libdoca_common	priv_doca_umem_buffer_get	query
libdoca_common	priv_doca_umem_create	lifecycle
libdoca_common	priv_doca_umem_create_dmabuf	lifecycle
libdoca_common	priv_doca_umem_create_pg_sz	lifecycle
libdoca_common	priv_doca_umem_destroy	lifecycle
libdoca_common	priv_doca_umem_dpa_create	lifecycle
libdoca_common	priv_doca_umem_from_doca_umem	internal
libdoca_common	priv_doca_umem_gpu_create	lifecycle
libdoca_common	priv_doca_umem_id_get	query
libdoca_common	priv_doca_umem_pg_size_get	query
libdoca_common	priv_doca_umem_size_get	query
libdoca_common	priv_doca_umr_bridge_init	lifecycle
libdoca_common	priv_doca_umr_bridge_uninit	lifecycle
libdoca_common	priv_doca_umr_buf_to_wqe	query
libdoca_common	priv_doca_umr_buf_to_wqe_ext	query
libdoca_common	priv_doca_umr_complete	poll
libdoca_common	priv_doca_umr_mkey_free	lifecycle
libdoca_common	priv_doca_umr_start	lifecycle
libdoca_common	priv_doca_utils_log2_round_up	internal
libdoca_common	priv_doca_utils_log2_uint16	internal
libdoca_common	priv_doca_utils_log2_uint32	internal
libdoca_common	priv_doca_utils_log2_uint64	internal
libdoca_common	priv_doca_utils_log2_uint8	internal
libdoca_common	priv_doca_utils_print_64b_cqe	query
libdoca_common	priv_doca_utils_print_buffer	query
libdoca_common	priv_doca_utils_print_err_cqe	query
libdoca_common	priv_doca_utils_print_mmo_wqe	query
libdoca_common	priv_doca_utils_print_mmo_wqe_metadata_seg	query
libdoca_common	priv_doca_utils_print_nop_wqe	query
libdoca_common	priv_doca_utils_print_send_wqe	query
libdoca_common	priv_doca_utils_print_umr_wqe	query
libdoca_common	priv_doca_utils_print_wqe_ctrl_seg	query
libdoca_common	priv_doca_utils_print_wqe_data_seg	query
libdoca_common	priv_doca_utils_print_wqe_eth_seg	query
libdoca_common	priv_doca_utils_print_wqe_remote_address_seg	query
libdoca_common	priv_doca_zalloc	memory
libdoca_compress	doca_compress_as_ctx	query
libdoca_compress	doca_compress_cap_get_max_num_tasks	capability
libdoca_compress	doca_compress_cap_task_compress_deflate_get_max_buf_list_len	capability
libdoca_compress	doca_compress_cap_task_compress_deflate_get_max_buf_size	capability
libdoca_compress	doca_compress_cap_task_compress_deflate_is_supported	capability
libdoca_compress	doca_compress_cap_task_decompress_deflate_get_max_buf_list_len	capability
libdoca_compress	doca_compress_cap_task_decompress_deflate_get_max_buf_size	capability
libdoca_compress	doca_compress_cap_task_decompress_deflate_is_supported	capability
libdoca_compress	doca_compress_cap_task_decompress_lz4_block_get_max_buf_list_len	capability
libdoca_compress	doca_compress_cap_task_decompress_lz4_block_get_max_buf_size	capability
libdoca_compress	doca_compress_cap_task_decompress_lz4_block_is_supported	capability
libdoca_compress	doca_compress_cap_task_decompress_lz4_stream_get_max_buf_list_len	capability
libdoca_compress	doca_compress_cap_task_decompress_lz4_stream_get_max_buf_size	capability
libdoca_compress	doca_compress_cap_task_decompress_lz4_stream_is_supported	capability
libdoca_compress	doca_compress_create	lifecycle
libdoca_compress	doca_compress_destroy	lifecycle
libdoca_compress	doca_compress_task_compress_deflate_alloc_init	construct
libdoca_compress	doca_compress_task_compress_deflate_as_task	construct
libdoca_compress	doca_compress_task_compress_deflate_get_adler_cs	query
libdoca_compress	doca_compress_task_compress_deflate_get_crc_cs	query
libdoca_compress	doca_compress_task_compress_deflate_get_dst	query
libdoca_compress	doca_compress_task_compress_deflate_get_src	query
libdoca_compress	doca_compress_task_compress_deflate_set_conf	query
libdoca_compress	doca_compress_task_compress_deflate_set_dst	query
libdoca_compress	doca_compress_task_compress_deflate_set_src	query
libdoca_compress	doca_compress_task_decompress_deflate_alloc_init	construct
libdoca_compress	doca_compress_task_decompress_deflate_as_task	construct
libdoca_compress	doca_compress_task_decompress_deflate_get_adler_cs	query
libdoca_compress	doca_compress_task_decompress_deflate_get_crc_cs	query
libdoca_compress	doca_compress_task_decompress_deflate_get_dst	query
libdoca_compress	doca_compress_task_decompress_deflate_get_src	query
libdoca_compress	doca_compress_task_decompress_deflate_set_conf	query
libdoca_compress	doca_compress_task_decompress_deflate_set_dst	query
libdoca_compress	doca_compress_task_decompress_deflate_set_src	query
libdoca_compress	doca_compress_task_decompress_lz4_block_alloc_init	construct
libdoca_compress	doca_compress_task_decompress_lz4_block_as_task	construct
libdoca_compress	doca_compress_task_decompress_lz4_block_get_crc_cs	query
libdoca_compress	doca_compress_task_decompress_lz4_block_get_dst	query
libdoca_compress	doca_compress_task_decompress_lz4_block_get_src	query
libdoca_compress	doca_compress_task_decompress_lz4_block_get_xxh_cs	query
libdoca_compress	doca_compress_task_decompress_lz4_block_set_conf	query
libdoca_compress	doca_compress_task_decompress_lz4_block_set_dst	query
libdoca_compress	doca_compress_task_decompress_lz4_block_set_src	query
libdoca_compress	doca_compress_task_decompress_lz4_stream_alloc_init	construct
libdoca_compress	doca_compress_task_decompress_lz4_stream_as_task	construct
libdoca_compress	doca_compress_task_decompress_lz4_stream_get_are_blocks_independent	query
libdoca_compress	doca_compress_task_decompress_lz4_stream_get_crc_cs	query
libdoca_compress	doca_compress_task_decompress_lz4_stream_get_dst	query
libdoca_compress	doca_compress_task_decompress_lz4_stream_get_has_block_checksum	query
libdoca_compress	doca_compress_task_decompress_lz4_stream_get_src	query
libdoca_compress	doca_compress_task_decompress_lz4_stream_get_xxh_cs	query
libdoca_compress	doca_compress_task_decompress_lz4_stream_set_are_blocks_independent	query
libdoca_compress	doca_compress_task_decompress_lz4_stream_set_conf	query
libdoca_compress	doca_compress_task_decompress_lz4_stream_set_dst	query
libdoca_compress	doca_compress_task_decompress_lz4_stream_set_has_block_checksum	query
libdoca_compress	doca_compress_task_decompress_lz4_stream_set_src	query
libdoca_compress	priv_doca_compress_disable_umr	lifecycle
libdoca_compress	priv_doca_compress_get_log_num_qps	query
libdoca_compress	priv_doca_compress_get_log_qp_depth	query
libdoca_compress	priv_doca_compress_get_num_wqes_per_task	query
libdoca_compress	priv_doca_compress_set_log_num_qps	query
libdoca_compress	priv_doca_compress_set_log_qp_depth	query
libdoca_devemu_pci	doca_devemu_pci_cap_bar_db_region_get_max_num_region_blocks	capability
libdoca_devemu_pci	doca_devemu_pci_cap_bar_db_region_get_region_block_size	capability
libdoca_devemu_pci	doca_devemu_pci_cap_bar_db_region_get_start_addr_alignment	lifecycle
libdoca_devemu_pci	doca_devemu_pci_cap_bar_db_region_is_identify_by_data_supported	capability
libdoca_devemu_pci	doca_devemu_pci_cap_bar_db_region_is_identify_by_offset_supported	capability
libdoca_devemu_pci	doca_devemu_pci_cap_bar_get_max_bar_db_regions	capability
libdoca_devemu_pci	doca_devemu_pci_cap_bar_get_max_bar_msix_pba_regions	capability
libdoca_devemu_pci	doca_devemu_pci_cap_bar_get_max_bar_msix_table_regions	capability
libdoca_devemu_pci	doca_devemu_pci_cap_bar_get_max_bar_regions	capability
libdoca_devemu_pci	doca_devemu_pci_cap_bar_get_max_bar_stateful_regions	capability
libdoca_devemu_pci	doca_devemu_pci_cap_bar_msix_pba_region_get_max_num_region_blocks	capability
libdoca_devemu_pci	doca_devemu_pci_cap_bar_msix_pba_region_get_region_block_size	capability
libdoca_devemu_pci	doca_devemu_pci_cap_bar_msix_pba_region_get_start_addr_alignment	lifecycle
libdoca_devemu_pci	doca_devemu_pci_cap_bar_msix_table_region_get_max_num_region_blocks	capability
libdoca_devemu_pci	doca_devemu_pci_cap_bar_msix_table_region_get_region_block_size	capability
libdoca_devemu_pci	doca_devemu_pci_cap_bar_msix_table_region_get_start_addr_alignment	lifecycle
libdoca_devemu_pci	doca_devemu_pci_cap_bar_stateful_region_get_max_num_region_blocks	capability
libdoca_devemu_pci	doca_devemu_pci_cap_bar_stateful_region_get_region_block_size	capability
libdoca_devemu_pci	doca_devemu_pci_cap_bar_stateful_region_get_start_addr_alignment	lifecycle
libdoca_devemu_pci	doca_devemu_pci_cap_get_max_hotplug_devices	lifecycle
libdoca_devemu_pci	doca_devemu_pci_cap_get_max_types	capability
libdoca_devemu_pci	doca_devemu_pci_cap_is_mmap_add_dev_supported	lifecycle
libdoca_devemu_pci	doca_devemu_pci_cap_type_get_log_max_bar_size	capability
libdoca_devemu_pci	doca_devemu_pci_cap_type_get_log_max_db_size	capability
libdoca_devemu_pci	doca_devemu_pci_cap_type_get_log_max_db_stride_size	capability
libdoca_devemu_pci	doca_devemu_pci_cap_type_get_log_min_bar_size	capability
libdoca_devemu_pci	doca_devemu_pci_cap_type_get_log_min_db_size	capability
libdoca_devemu_pci	doca_devemu_pci_cap_type_get_log_min_db_stride_size	capability
libdoca_devemu_pci	doca_devemu_pci_cap_type_get_max_bar_db_regions	capability
libdoca_devemu_pci	doca_devemu_pci_cap_type_get_max_bar_msix_pba_regions	capability
libdoca_devemu_pci	doca_devemu_pci_cap_type_get_max_bar_msix_table_regions	capability
libdoca_devemu_pci	doca_devemu_pci_cap_type_get_max_bar_regions	capability
libdoca_devemu_pci	doca_devemu_pci_cap_type_get_max_bar_stateful_regions	capability
libdoca_devemu_pci	doca_devemu_pci_cap_type_get_max_bars	capability
libdoca_devemu_pci	doca_devemu_pci_cap_type_get_max_num_db	capability
libdoca_devemu_pci	doca_devemu_pci_cap_type_get_max_num_msix	capability
libdoca_devemu_pci	doca_devemu_pci_cap_type_is_bar_mem_type_supported	capability
libdoca_devemu_pci	doca_devemu_pci_cap_type_is_hotplug_supported	lifecycle
libdoca_devemu_pci	doca_devemu_pci_cap_type_is_mgmt_supported	capability
libdoca_devemu_pci	doca_devemu_pci_db_completion_create	lifecycle
libdoca_devemu_pci	doca_devemu_pci_db_completion_destroy	lifecycle
libdoca_devemu_pci	doca_devemu_pci_db_completion_get_curr_num_dbs	query
libdoca_devemu_pci	doca_devemu_pci_db_completion_get_dpa_handle	query
libdoca_devemu_pci	doca_devemu_pci_db_completion_get_max_num_dbs	capability
libdoca_devemu_pci	doca_devemu_pci_db_completion_set_max_num_dbs	query
libdoca_devemu_pci	doca_devemu_pci_db_completion_start	lifecycle
libdoca_devemu_pci	doca_devemu_pci_db_completion_stop	lifecycle
libdoca_devemu_pci	doca_devemu_pci_db_create_on_dpa	lifecycle
libdoca_devemu_pci	doca_devemu_pci_db_destroy	lifecycle
libdoca_devemu_pci	doca_devemu_pci_db_get_dpa_handle	query
libdoca_devemu_pci	doca_devemu_pci_db_modify_value	lifecycle
libdoca_devemu_pci	doca_devemu_pci_db_query_value	query
libdoca_devemu_pci	doca_devemu_pci_db_start	lifecycle
libdoca_devemu_pci	doca_devemu_pci_db_stop	lifecycle
libdoca_devemu_pci	doca_devemu_pci_dev_as_ctx	query
libdoca_devemu_pci	doca_devemu_pci_dev_create	lifecycle
libdoca_devemu_pci	doca_devemu_pci_dev_create_rep	lifecycle
libdoca_devemu_pci	doca_devemu_pci_dev_ctrl_msg_send_recv	submit
libdoca_devemu_pci	doca_devemu_pci_dev_destroy	lifecycle
libdoca_devemu_pci	doca_devemu_pci_dev_destroy_rep	lifecycle
libdoca_devemu_pci	doca_devemu_pci_dev_event_bar_stateful_region_driver_write_get_bar_id	query
libdoca_devemu_pci	doca_devemu_pci_dev_event_bar_stateful_region_driver_write_get_bar_region_start_addr	lifecycle
libdoca_devemu_pci	doca_devemu_pci_dev_event_bar_stateful_region_driver_write_get_pci_dev	query
libdoca_devemu_pci	doca_devemu_pci_dev_event_bar_stateful_region_driver_write_register	lifecycle
libdoca_devemu_pci	doca_devemu_pci_dev_event_flr_register	lifecycle
libdoca_devemu_pci	doca_devemu_pci_dev_event_hotplug_state_change_register	lifecycle
libdoca_devemu_pci	doca_devemu_pci_dev_get_class_code	query
libdoca_devemu_pci	doca_devemu_pci_dev_get_device_id	query
libdoca_devemu_pci	doca_devemu_pci_dev_get_hotplug_state	lifecycle
libdoca_devemu_pci	doca_devemu_pci_dev_get_num_db	query
libdoca_devemu_pci	doca_devemu_pci_dev_get_num_msix	query
libdoca_devemu_pci	doca_devemu_pci_dev_get_revision_id	query
libdoca_devemu_pci	doca_devemu_pci_dev_get_subsystem_id	query
libdoca_devemu_pci	doca_devemu_pci_dev_get_subsystem_vendor_id	query
libdoca_devemu_pci	doca_devemu_pci_dev_get_vendor_id	query
libdoca_devemu_pci	doca_devemu_pci_dev_hotplug	lifecycle
libdoca_devemu_pci	doca_devemu_pci_dev_hotunplug	lifecycle
libdoca_devemu_pci	doca_devemu_pci_dev_is_flr	capability
libdoca_devemu_pci	doca_devemu_pci_dev_modify_bar_stateful_region_default_values	lifecycle
libdoca_devemu_pci	doca_devemu_pci_dev_modify_bar_stateful_region_values	lifecycle
libdoca_devemu_pci	doca_devemu_pci_dev_query_bar_stateful_region_values	query
libdoca_devemu_pci	doca_devemu_pci_dev_set_class_code	query
libdoca_devemu_pci	doca_devemu_pci_dev_set_device_id	query
libdoca_devemu_pci	doca_devemu_pci_dev_set_num_db	query
libdoca_devemu_pci	doca_devemu_pci_dev_set_num_msix	query
libdoca_devemu_pci	doca_devemu_pci_dev_set_revision_id	query
libdoca_devemu_pci	doca_devemu_pci_dev_set_subsystem_id	query
libdoca_devemu_pci	doca_devemu_pci_dev_set_subsystem_vendor_id	query
libdoca_devemu_pci	doca_devemu_pci_dev_set_vendor_id	query
libdoca_devemu_pci	doca_devemu_pci_get_available_resources	query
libdoca_devemu_pci	doca_devemu_pci_mmap_create	lifecycle
libdoca_devemu_pci	doca_devemu_pci_msix_create_on_dpa	lifecycle
libdoca_devemu_pci	doca_devemu_pci_msix_destroy	lifecycle
libdoca_devemu_pci	doca_devemu_pci_msix_get_dpa_handle	query
libdoca_devemu_pci	doca_devemu_pci_release_resources	lifecycle
libdoca_devemu_pci	doca_devemu_pci_rep_get_hotplug_state	lifecycle
libdoca_devemu_pci	doca_devemu_pci_resources_get_num_db	query
libdoca_devemu_pci	doca_devemu_pci_resources_get_num_msix	query
libdoca_devemu_pci	doca_devemu_pci_type_bar_transaction_region_conf_set	query
libdoca_devemu_pci	doca_devemu_pci_type_create	lifecycle
libdoca_devemu_pci	doca_devemu_pci_type_create_rep_list	lifecycle
libdoca_devemu_pci	doca_devemu_pci_type_destroy	lifecycle
libdoca_devemu_pci	doca_devemu_pci_type_get_class_code	query
libdoca_devemu_pci	doca_devemu_pci_type_get_dev	query
libdoca_devemu_pci	doca_devemu_pci_type_get_device_id	query
libdoca_devemu_pci	doca_devemu_pci_type_get_name	query
libdoca_devemu_pci	doca_devemu_pci_type_get_num_db	query
libdoca_devemu_pci	doca_devemu_pci_type_get_num_msix	query
libdoca_devemu_pci	doca_devemu_pci_type_get_revision_id	query
libdoca_devemu_pci	doca_devemu_pci_type_get_subsystem_id	query
libdoca_devemu_pci	doca_devemu_pci_type_get_subsystem_vendor_id	query
libdoca_devemu_pci	doca_devemu_pci_type_get_vendor_id	query
libdoca_devemu_pci	doca_devemu_pci_type_is_started	capability
libdoca_devemu_pci	doca_devemu_pci_type_modify_bar_stateful_region_default_values	lifecycle
libdoca_devemu_pci	doca_devemu_pci_type_set_bar_db_region_by_data_conf	query
libdoca_devemu_pci	doca_devemu_pci_type_set_bar_db_region_by_offset_conf	query
libdoca_devemu_pci	doca_devemu_pci_type_set_bar_msix_pba_region_conf	query
libdoca_devemu_pci	doca_devemu_pci_type_set_bar_msix_table_region_conf	query
libdoca_devemu_pci	doca_devemu_pci_type_set_bar_stateful_region_conf	query
libdoca_devemu_pci	doca_devemu_pci_type_set_class_code	query
libdoca_devemu_pci	doca_devemu_pci_type_set_dev	query
libdoca_devemu_pci	doca_devemu_pci_type_set_device_id	query
libdoca_devemu_pci	doca_devemu_pci_type_set_io_bar_conf	query
libdoca_devemu_pci	doca_devemu_pci_type_set_memory_bar_conf	query
libdoca_devemu_pci	doca_devemu_pci_type_set_num_db	query
libdoca_devemu_pci	doca_devemu_pci_type_set_num_msix	query
libdoca_devemu_pci	doca_devemu_pci_type_set_revision_id	query
libdoca_devemu_pci	doca_devemu_pci_type_set_subsystem_id	query
libdoca_devemu_pci	doca_devemu_pci_type_set_subsystem_vendor_id	query
libdoca_devemu_pci	doca_devemu_pci_type_set_vendor_id	query
libdoca_devemu_pci	doca_devemu_pci_type_start	lifecycle
libdoca_devemu_pci	doca_devemu_pci_type_stop	lifecycle
libdoca_devemu_pci	doca_devemu_pci_type_user_cb_handlers_conf_set	query
libdoca_devemu_pci	priv_doca_devemu_is_dev_rep_associated_with_devs	capability
libdoca_devemu_pci	priv_doca_devemu_pci_dev_db_cq_mapping_create	lifecycle
libdoca_devemu_pci	priv_doca_devemu_pci_dev_db_cq_mapping_destroy	lifecycle
libdoca_devemu_pci	priv_doca_devemu_pci_dev_db_cq_mapping_modify	lifecycle
libdoca_devemu_pci	priv_doca_devemu_pci_dev_db_cq_mapping_query	query
libdoca_devemu_pci	priv_doca_devemu_pci_dev_drain_one	poll
libdoca_devemu_pci	priv_doca_devemu_pci_dev_eq_create	lifecycle
libdoca_devemu_pci	priv_doca_devemu_pci_dev_eq_destroy	lifecycle
libdoca_devemu_pci	priv_doca_devemu_pci_dev_eq_query	query
libdoca_devemu_pci	priv_doca_devemu_pci_dev_init	lifecycle
libdoca_devemu_pci	priv_doca_devemu_pci_dev_progress_one_running	poll
libdoca_devemu_pci	priv_doca_devemu_pci_dev_progress_one_starting	poll
libdoca_devemu_pci	priv_doca_devemu_pci_dev_request_stop	lifecycle
libdoca_devemu_pci	priv_doca_devemu_pci_dev_start	lifecycle
libdoca_devemu_pci	priv_doca_devemu_pci_dev_stop	lifecycle
libdoca_devemu_pci	priv_doca_devemu_pci_dev_uninit	lifecycle
libdoca_devemu_pci	priv_doca_devemu_pci_type_init	lifecycle
libdoca_devemu_pci	priv_doca_devemu_pci_type_uninit	lifecycle
libdoca_devemu_virtio_core	doca_devemu_virtio_cap_default_type_get_configurable_device_features_63_0	capability
libdoca_devemu_virtio_core	doca_devemu_virtio_cap_default_type_get_max_num_queues	capability
libdoca_devemu_virtio_core	doca_devemu_virtio_dev_as_ctx	query
libdoca_devemu_virtio_core	doca_devemu_virtio_dev_as_pci_dev	query
libdoca_devemu_virtio_core	doca_devemu_virtio_dev_event_reset_register	lifecycle
libdoca_devemu_virtio_core	doca_devemu_virtio_dev_get_config_generation	query
libdoca_devemu_virtio_core	doca_devemu_virtio_dev_get_config_msix_vector	query
libdoca_devemu_virtio_core	doca_devemu_virtio_dev_get_device_features_63_0	query
libdoca_devemu_virtio_core	doca_devemu_virtio_dev_get_device_status	query
libdoca_devemu_virtio_core	doca_devemu_virtio_dev_get_driver_features_63_0	query
libdoca_devemu_virtio_core	doca_devemu_virtio_dev_get_num_enabled_queues	query
libdoca_devemu_virtio_core	doca_devemu_virtio_dev_get_num_queues	query
libdoca_devemu_virtio_core	doca_devemu_virtio_dev_get_num_required_running_virtio_io_ctxs	query
libdoca_devemu_virtio_core	doca_devemu_virtio_dev_get_queue_size	query
libdoca_devemu_virtio_core	doca_devemu_virtio_dev_set_device_features_63_0	query
libdoca_devemu_virtio_core	doca_devemu_virtio_dev_set_num_queues	query
libdoca_devemu_virtio_core	doca_devemu_virtio_dev_set_num_required_running_virtio_io_ctxs	query
libdoca_devemu_virtio_core	doca_devemu_virtio_dev_set_queue_size	query
libdoca_devemu_virtio_core	doca_devemu_virtio_io_as_ctx	query
libdoca_devemu_virtio_core	doca_devemu_virtio_queue_stats_create_list	lifecycle
libdoca_devemu_virtio_core	doca_devemu_virtio_queue_stats_destroy_list	lifecycle
libdoca_devemu_virtio_core	doca_devemu_virtio_queue_stats_get_driver_avail_idx	query
libdoca_devemu_virtio_core	doca_devemu_virtio_queue_stats_get_driver_used_idx	query
libdoca_devemu_virtio_core	doca_devemu_virtio_queue_stats_get_enabled	query
libdoca_devemu_virtio_core	doca_devemu_virtio_queue_stats_get_hw_avail_idx	query
libdoca_devemu_virtio_core	doca_devemu_virtio_queue_stats_get_hw_used_idx	query
libdoca_devemu_virtio_core	doca_devemu_virtio_queue_stats_get_id	query
libdoca_devemu_virtio_core	doca_devemu_virtio_queue_stats_get_inflights	query
libdoca_devemu_virtio_core	doca_devemu_virtio_queue_stats_get_size	query
libdoca_devemu_virtio_core	doca_devemu_virtio_queue_stats_populate_list	query
libdoca_devemu_virtio_core	doca_devemu_virtio_tls_get	query
libdoca_devemu_virtio_core	doca_devemu_virtio_tls_req_get	query
libdoca_devemu_virtio_core	doca_devemu_virtio_tls_req_put	submit
libdoca_devemu_virtio_core	doca_devemu_virtio_tls_set_create	lifecycle
libdoca_devemu_virtio_core	doca_devemu_virtio_tls_set_destroy	lifecycle
libdoca_devemu_virtio_core	doca_devemu_virtio_type_as_pci_type	query
libdoca_devemu_virtio_core	doca_devemu_virtio_type_get_config_generation	query
libdoca_devemu_virtio_core	doca_devemu_virtio_type_get_device_features_63_0	query
libdoca_devemu_virtio_core	doca_devemu_virtio_type_get_num_queues	query
libdoca_devemu_virtio_core	doca_devemu_virtio_type_get_queue_size	query
libdoca_devemu_virtio_core	priv_doca_devemu_virtio_config_from_emu_object_get	query
libdoca_devemu_virtio_core	priv_doca_devemu_virtio_dev_drain_one	poll
libdoca_devemu_virtio_core	priv_doca_devemu_virtio_dev_init	lifecycle
libdoca_devemu_virtio_core	priv_doca_devemu_virtio_dev_progress_one_running	poll
libdoca_devemu_virtio_core	priv_doca_devemu_virtio_dev_progress_one_starting	poll
libdoca_devemu_virtio_core	priv_doca_devemu_virtio_dev_request_stop	lifecycle
libdoca_devemu_virtio_core	priv_doca_devemu_virtio_dev_start	lifecycle
libdoca_devemu_virtio_core	priv_doca_devemu_virtio_dev_stop	lifecycle
libdoca_devemu_virtio_core	priv_doca_devemu_virtio_dev_uninit	lifecycle
libdoca_devemu_virtio_core	priv_doca_devemu_virtio_execute_stats_cb	query
libdoca_devemu_virtio_core	priv_doca_devemu_virtio_handle_pci_events	internal
libdoca_devemu_virtio_core	priv_doca_devemu_virtio_io_drain_cb	internal
libdoca_devemu_virtio_core	priv_doca_devemu_virtio_io_init	lifecycle
libdoca_devemu_virtio_core	priv_doca_devemu_virtio_io_progress_one_running_cb	poll
libdoca_devemu_virtio_core	priv_doca_devemu_virtio_io_progress_one_starting_cb	poll
libdoca_devemu_virtio_core	priv_doca_devemu_virtio_io_request_stop_cb	lifecycle
libdoca_devemu_virtio_core	priv_doca_devemu_virtio_io_start_cb	lifecycle
libdoca_devemu_virtio_core	priv_doca_devemu_virtio_io_stop_cb	lifecycle
libdoca_devemu_virtio_core	priv_doca_devemu_virtio_io_uninit	lifecycle
libdoca_devemu_virtio_core	priv_doca_devemu_virtio_q_config_from_emu_object_get	query
libdoca_devemu_virtio_core	priv_doca_devemu_virtio_req_complete	poll
libdoca_devemu_virtio_core	priv_doca_devemu_virtio_type_init	lifecycle
libdoca_devemu_virtio_core	priv_doca_devemu_virtio_type_set_config_generation	query
libdoca_devemu_virtio_core	priv_doca_devemu_virtio_type_set_device_features_63_0	query
libdoca_devemu_virtio_core	priv_doca_devemu_virtio_type_set_num_queues	query
libdoca_devemu_virtio_core	priv_doca_devemu_virtio_type_set_queue_size	query
libdoca_devemu_virtio_core	priv_doca_devemu_virtio_type_uninit	lifecycle
libdoca_devemu_virtio_fs	doca_devemu_vfs_cfg_create	lifecycle
libdoca_devemu_virtio_fs	doca_devemu_vfs_cfg_destroy	lifecycle
libdoca_devemu_virtio_fs	doca_devemu_vfs_cfg_get_notification_req_user_data_size	query
libdoca_devemu_virtio_fs	doca_devemu_vfs_cfg_get_vfs_req_user_data_size	query
libdoca_devemu_virtio_fs	doca_devemu_vfs_cfg_set_notification_req_user_data_size	query
libdoca_devemu_virtio_fs	doca_devemu_vfs_cfg_set_vfs_req_user_data_size	query
libdoca_devemu_virtio_fs	doca_devemu_vfs_dev_as_ctx	query
libdoca_devemu_virtio_fs	doca_devemu_vfs_dev_as_pci_dev	query
libdoca_devemu_virtio_fs	doca_devemu_vfs_dev_as_virtio_dev	query
libdoca_devemu_virtio_fs	doca_devemu_vfs_dev_create	lifecycle
libdoca_devemu_virtio_fs	doca_devemu_vfs_dev_destroy	lifecycle
libdoca_devemu_virtio_fs	doca_devemu_vfs_dev_get_notify_buf_size	query
libdoca_devemu_virtio_fs	doca_devemu_vfs_dev_get_num_request_queues	query
libdoca_devemu_virtio_fs	doca_devemu_vfs_dev_get_req_src_domain_id_range	query
libdoca_devemu_virtio_fs	doca_devemu_vfs_dev_get_tag	query
libdoca_devemu_virtio_fs	doca_devemu_vfs_dev_set_notify_buf_size	query
libdoca_devemu_virtio_fs	doca_devemu_vfs_dev_set_num_request_queues	query
libdoca_devemu_virtio_fs	doca_devemu_vfs_dev_set_tag	query
libdoca_devemu_virtio_fs	doca_devemu_vfs_find_default_vfs_type_by_dev	query
libdoca_devemu_virtio_fs	doca_devemu_vfs_init	lifecycle
libdoca_devemu_virtio_fs	doca_devemu_vfs_io_as_ctx	query
libdoca_devemu_virtio_fs	doca_devemu_vfs_io_as_virtio_io	query
libdoca_devemu_virtio_fs	doca_devemu_vfs_io_create	lifecycle
libdoca_devemu_virtio_fs	doca_devemu_vfs_io_destroy	lifecycle
libdoca_devemu_virtio_fs	doca_devemu_vfs_io_event_vfs_notification_req_notice_register	lifecycle
libdoca_devemu_virtio_fs	doca_devemu_vfs_io_event_vfs_req_notice_register	lifecycle
libdoca_devemu_virtio_fs	doca_devemu_vfs_is_default_vfs_type_supported	capability
libdoca_devemu_virtio_fs	doca_devemu_vfs_notification_req_complete	submit
libdoca_devemu_virtio_fs	doca_devemu_vfs_notification_req_get_dataout	query
libdoca_devemu_virtio_fs	doca_devemu_vfs_notification_req_get_dataout_data_len	query
libdoca_devemu_virtio_fs	doca_devemu_vfs_notification_req_get_dataout_list_len	query
libdoca_devemu_virtio_fs	doca_devemu_vfs_notification_req_get_id	query
libdoca_devemu_virtio_fs	doca_devemu_vfs_notification_req_get_src_domain_id	query
libdoca_devemu_virtio_fs	doca_devemu_vfs_req_complete	submit
libdoca_devemu_virtio_fs	doca_devemu_vfs_req_get_datain	query
libdoca_devemu_virtio_fs	doca_devemu_vfs_req_get_datain_data_len	query
libdoca_devemu_virtio_fs	doca_devemu_vfs_req_get_datain_list_len	query
libdoca_devemu_virtio_fs	doca_devemu_vfs_req_get_dataout	query
libdoca_devemu_virtio_fs	doca_devemu_vfs_req_get_dataout_data_len	query
libdoca_devemu_virtio_fs	doca_devemu_vfs_req_get_dataout_list_len	query
libdoca_devemu_virtio_fs	doca_devemu_vfs_req_get_id	query
libdoca_devemu_virtio_fs	doca_devemu_vfs_req_get_src_domain_id	query
libdoca_devemu_virtio_fs	doca_devemu_vfs_teardown	lifecycle
libdoca_devemu_virtio_fs	doca_devemu_vfs_type_as_pci_type	query
libdoca_devemu_virtio_fs	doca_devemu_vfs_type_as_virtio_type	query
libdoca_devemu_virtio_fs	doca_devemu_vfs_type_get_num_request_queues	query
libdoca_dma	doca_dma_as_ctx	query
libdoca_dma	doca_dma_cap_get_max_num_tasks	capability
libdoca_dma	doca_dma_cap_task_memcpy_get_max_buf_list_len	capability
libdoca_dma	doca_dma_cap_task_memcpy_get_max_buf_size	capability
libdoca_dma	doca_dma_cap_task_memcpy_is_supported	capability
libdoca_dma	doca_dma_create	lifecycle
libdoca_dma	doca_dma_destroy	lifecycle
libdoca_dma	doca_dma_get_gpu_handle	query
libdoca_dma	doca_dma_task_memcpy_alloc_init	construct
libdoca_dma	doca_dma_task_memcpy_as_task	construct
libdoca_dma	doca_dma_task_memcpy_get_dst	query
libdoca_dma	doca_dma_task_memcpy_get_src	query
libdoca_dma	doca_dma_task_memcpy_set_conf	query
libdoca_dma	doca_dma_task_memcpy_set_dst	query
libdoca_dma	doca_dma_task_memcpy_set_src	query
libdoca_dma	priv_doca_dma_get_log_num_qps	query
libdoca_dma	priv_doca_dma_get_log_qp_depth	query
libdoca_dma	priv_doca_dma_get_use_auto_umr_switch	query
libdoca_dma	priv_doca_dma_get_use_umr_sgl	query
libdoca_dma	priv_doca_dma_set_log_num_qps	query
libdoca_dma	priv_doca_dma_set_log_qp_depth	query
libdoca_dma	priv_doca_dma_set_use_auto_umr_switch	query
libdoca_dma	priv_doca_dma_set_use_umr_sgl	query
libdoca_dma	priv_doca_dma_task_memcpy_alloc	lifecycle
libdoca_dpa	_dpacc_lib_libdoca_dpa_dev_comm_register_all	internal
libdoca_dpa	_dpacc_lib_libdoca_dpa_dev_register_all	internal
libdoca_dpa	doca_dpa_app_get_name	query
libdoca_dpa	doca_dpa_async_ops_attach	lifecycle
libdoca_dpa	doca_dpa_async_ops_create	lifecycle
libdoca_dpa	doca_dpa_async_ops_destroy	lifecycle
libdoca_dpa	doca_dpa_async_ops_get_dpa_handle	query
libdoca_dpa	doca_dpa_async_ops_get_queue_size	query
libdoca_dpa	doca_dpa_async_ops_get_user_data	query
libdoca_dpa	doca_dpa_async_ops_start	lifecycle
libdoca_dpa	doca_dpa_async_ops_stop	lifecycle
libdoca_dpa	doca_dpa_cap_is_supported	capability
libdoca_dpa	doca_dpa_completion_create	lifecycle
libdoca_dpa	doca_dpa_completion_destroy	lifecycle
libdoca_dpa	doca_dpa_completion_get_dpa_handle	query
libdoca_dpa	doca_dpa_completion_get_queue_size	query
libdoca_dpa	doca_dpa_completion_get_thread	query
libdoca_dpa	doca_dpa_completion_set_thread	query
libdoca_dpa	doca_dpa_completion_start	lifecycle
libdoca_dpa	doca_dpa_completion_stop	lifecycle
libdoca_dpa	doca_dpa_create	lifecycle
libdoca_dpa	doca_dpa_d2h_buf_memcpy	memory
libdoca_dpa	doca_dpa_d2h_memcpy	memory
libdoca_dpa	doca_dpa_destroy	lifecycle
libdoca_dpa	doca_dpa_device_extend	lifecycle
libdoca_dpa	doca_dpa_eu_affinity_clear	lifecycle
libdoca_dpa	doca_dpa_eu_affinity_create	lifecycle
libdoca_dpa	doca_dpa_eu_affinity_destroy	lifecycle
libdoca_dpa	doca_dpa_eu_affinity_get	query
libdoca_dpa	doca_dpa_eu_affinity_set	query
libdoca_dpa	doca_dpa_get_app	query
libdoca_dpa	doca_dpa_get_core_num	query
libdoca_dpa	doca_dpa_get_dpa_handle	query
libdoca_dpa	doca_dpa_get_kernel_max_run_time	query
libdoca_dpa	doca_dpa_get_log_level	query
libdoca_dpa	doca_dpa_get_max_threads_per_kernel	capability
libdoca_dpa	doca_dpa_get_num_eus_per_core	query
libdoca_dpa	doca_dpa_get_total_num_eus_available	query
libdoca_dpa	doca_dpa_get_uar_id	query
libdoca_dpa	doca_dpa_h2d_buf_memcpy	memory
libdoca_dpa	doca_dpa_h2d_memcpy	memory
libdoca_dpa	doca_dpa_hash_table_create	lifecycle
libdoca_dpa	doca_dpa_hash_table_destroy	lifecycle
libdoca_dpa	doca_dpa_hash_table_get_dpa_handle	query
libdoca_dpa	doca_dpa_kernel_launch_update_add	lifecycle
libdoca_dpa	doca_dpa_kernel_launch_update_set	query
libdoca_dpa	doca_dpa_log_file_get_path	query
libdoca_dpa	doca_dpa_log_file_set_path	query
libdoca_dpa	doca_dpa_mem_alloc	lifecycle
libdoca_dpa	doca_dpa_mem_free	lifecycle
libdoca_dpa	doca_dpa_memset	memory
libdoca_dpa	doca_dpa_notification_completion_create	lifecycle
libdoca_dpa	doca_dpa_notification_completion_destroy	lifecycle
libdoca_dpa	doca_dpa_notification_completion_get_dpa_handle	query
libdoca_dpa	doca_dpa_notification_completion_get_thread	query
libdoca_dpa	doca_dpa_notification_completion_start	lifecycle
libdoca_dpa	doca_dpa_notification_completion_stop	lifecycle
libdoca_dpa	doca_dpa_peek_at_last_error	query
libdoca_dpa	doca_dpa_rpc	submit
libdoca_dpa	doca_dpa_set_app	query
libdoca_dpa	doca_dpa_set_log_level	query
libdoca_dpa	doca_dpa_start	lifecycle
libdoca_dpa	doca_dpa_stop	lifecycle
libdoca_dpa	doca_dpa_thread_create	lifecycle
libdoca_dpa	doca_dpa_thread_destroy	lifecycle
libdoca_dpa	doca_dpa_thread_get_affinity	query
libdoca_dpa	doca_dpa_thread_get_func_arg	query
libdoca_dpa	doca_dpa_thread_get_id	query
libdoca_dpa	doca_dpa_thread_get_local_storage	query
libdoca_dpa	doca_dpa_thread_group_create	lifecycle
libdoca_dpa	doca_dpa_thread_group_destroy	lifecycle
libdoca_dpa	doca_dpa_thread_group_get_num_threads	query
libdoca_dpa	doca_dpa_thread_group_set_thread	query
libdoca_dpa	doca_dpa_thread_group_start	lifecycle
libdoca_dpa	doca_dpa_thread_group_stop	lifecycle
libdoca_dpa	doca_dpa_thread_run	submit
libdoca_dpa	doca_dpa_thread_set_affinity	query
libdoca_dpa	doca_dpa_thread_set_func_arg	query
libdoca_dpa	doca_dpa_thread_set_local_storage	query
libdoca_dpa	doca_dpa_thread_start	lifecycle
libdoca_dpa	doca_dpa_thread_stop	lifecycle
libdoca_dpa	doca_dpa_trace_file_get_path	query
libdoca_dpa	doca_dpa_trace_file_set_path	query
libdoca_dpa	priv_doca_dpa_completion_set_always_armed	query
libdoca_dpa	priv_doca_dpa_completion_set_overrun_ignore	query
libdoca_dpa	priv_doca_dpa_get_flexio_event_handler	query
libdoca_dpa	priv_doca_dpa_get_flexio_process	query
libdoca_dpa	priv_doca_dpa_thread_run	submit
libdoca_dpdk_bridge	doca_dpdk_cap_is_rep_port_supported	capability
libdoca_dpdk_bridge	doca_dpdk_get_first_port_id	query
libdoca_dpdk_bridge	doca_dpdk_get_rep_sf_num	query
libdoca_dpdk_bridge	doca_dpdk_get_rep_vf_index	query
libdoca_dpdk_bridge	doca_dpdk_mempool_create	lifecycle
libdoca_dpdk_bridge	doca_dpdk_mempool_destroy	lifecycle
libdoca_dpdk_bridge	doca_dpdk_mempool_dev_add	lifecycle
libdoca_dpdk_bridge	doca_dpdk_mempool_mbuf_to_buf	query
libdoca_dpdk_bridge	doca_dpdk_mempool_set_permissions	query
libdoca_dpdk_bridge	doca_dpdk_mempool_start	lifecycle
libdoca_dpdk_bridge	doca_dpdk_open_dev_rep_by_port_id	lifecycle
libdoca_dpdk_bridge	doca_dpdk_port_as_dev	query
libdoca_dpdk_bridge	doca_dpdk_port_probe	lifecycle
libdoca_dpdk_bridge	priv_doca_dpdk_destroy	lifecycle
libdoca_dpdk_bridge	priv_doca_dpdk_export_uar	connect
libdoca_dpdk_bridge	priv_doca_dpdk_init	lifecycle
libdoca_dpdk_bridge	priv_doca_dpdk_map_external_rq	internal
libdoca_dpdk_bridge	priv_doca_dpdk_map_external_sq	internal
libdoca_dpdk_bridge	priv_doca_dpdk_port_start	lifecycle
libdoca_dpdk_bridge	priv_doca_dpdk_port_stop	lifecycle
libdoca_dpdk_bridge	priv_doca_dpdk_unmap_external_rq	internal
libdoca_dpdk_bridge	priv_doca_dpdk_unmap_external_sq	internal
libdoca_erasure_coding	doca_ec_as_ctx	query
libdoca_erasure_coding	doca_ec_cap_get_max_block_size	capability
libdoca_erasure_coding	doca_ec_cap_get_max_buf_list_len	capability
libdoca_erasure_coding	doca_ec_cap_task_create_is_supported	lifecycle
libdoca_erasure_coding	doca_ec_cap_task_galois_mul_is_supported	capability
libdoca_erasure_coding	doca_ec_cap_task_recover_is_supported	capability
libdoca_erasure_coding	doca_ec_cap_task_update_is_supported	capability
libdoca_erasure_coding	doca_ec_create	lifecycle
libdoca_erasure_coding	doca_ec_destroy	lifecycle
libdoca_erasure_coding	doca_ec_matrix_create	lifecycle
libdoca_erasure_coding	doca_ec_matrix_create_from_raw	lifecycle
libdoca_erasure_coding	doca_ec_matrix_create_recover	lifecycle
libdoca_erasure_coding	doca_ec_matrix_create_update	lifecycle
libdoca_erasure_coding	doca_ec_matrix_destroy	lifecycle
libdoca_erasure_coding	doca_ec_task_create_allocate_init	construct
libdoca_erasure_coding	doca_ec_task_create_as_task	construct
libdoca_erasure_coding	doca_ec_task_create_get_coding_matrix	lifecycle
libdoca_erasure_coding	doca_ec_task_create_get_original_data_blocks	lifecycle
libdoca_erasure_coding	doca_ec_task_create_get_rdnc_blocks	lifecycle
libdoca_erasure_coding	doca_ec_task_create_set_coding_matrix	lifecycle
libdoca_erasure_coding	doca_ec_task_create_set_conf	lifecycle
libdoca_erasure_coding	doca_ec_task_create_set_original_data_blocks	lifecycle
libdoca_erasure_coding	doca_ec_task_create_set_rdnc_blocks	lifecycle
libdoca_erasure_coding	doca_ec_task_galois_mul_allocate_init	construct
libdoca_erasure_coding	doca_ec_task_galois_mul_as_task	construct
libdoca_erasure_coding	doca_ec_task_galois_mul_get_coding_matrix	query
libdoca_erasure_coding	doca_ec_task_galois_mul_get_dst_buf	query
libdoca_erasure_coding	doca_ec_task_galois_mul_get_src_buf	query
libdoca_erasure_coding	doca_ec_task_galois_mul_set_coding_matrix	query
libdoca_erasure_coding	doca_ec_task_galois_mul_set_conf	query
libdoca_erasure_coding	doca_ec_task_galois_mul_set_dst_buf	query
libdoca_erasure_coding	doca_ec_task_galois_mul_set_src_buf	query
libdoca_erasure_coding	doca_ec_task_recover_allocate_init	construct
libdoca_erasure_coding	doca_ec_task_recover_as_task	construct
libdoca_erasure_coding	doca_ec_task_recover_get_available_blocks	query
libdoca_erasure_coding	doca_ec_task_recover_get_recover_matrix	query
libdoca_erasure_coding	doca_ec_task_recover_get_recovered_data	query
libdoca_erasure_coding	doca_ec_task_recover_set_available_blocks	query
libdoca_erasure_coding	doca_ec_task_recover_set_conf	query
libdoca_erasure_coding	doca_ec_task_recover_set_recover_matrix	query
libdoca_erasure_coding	doca_ec_task_recover_set_recovered_data_blocks	query
libdoca_erasure_coding	doca_ec_task_update_allocate_init	construct
libdoca_erasure_coding	doca_ec_task_update_as_task	construct
libdoca_erasure_coding	doca_ec_task_update_get_original_updated_and_rdnc_blocks	query
libdoca_erasure_coding	doca_ec_task_update_get_update_matrix	query
libdoca_erasure_coding	doca_ec_task_update_get_updated_rdnc_blocks	query
libdoca_erasure_coding	doca_ec_task_update_set_conf	query
libdoca_erasure_coding	doca_ec_task_update_set_original_updated_and_rdnc_blocks	query
libdoca_erasure_coding	doca_ec_task_update_set_update_matrix	query
libdoca_erasure_coding	doca_ec_task_update_set_updated_rdnc_blocks	query
libdoca_erasure_coding	priv_doca_ec_disable_umr	lifecycle
libdoca_erasure_coding	priv_doca_ec_is_umr_enabled	capability
libdoca_eth	doca_eth_rxq_as_doca_ctx	query
libdoca_eth	doca_eth_rxq_cap_get_max_burst_size	capability
libdoca_eth	doca_eth_rxq_cap_get_max_metadata_num	capability
libdoca_eth	doca_eth_rxq_cap_get_max_packet_headroom	capability
libdoca_eth	doca_eth_rxq_cap_get_max_packet_size	capability
libdoca_eth	doca_eth_rxq_cap_get_max_packet_tailroom	capability
libdoca_eth	doca_eth_rxq_cap_get_max_recv_buf_list_len	capability
libdoca_eth	doca_eth_rxq_cap_is_type_supported	capability
libdoca_eth	doca_eth_rxq_create	lifecycle
libdoca_eth	doca_eth_rxq_destroy	lifecycle
libdoca_eth	doca_eth_rxq_estimate_packet_buf_size	query
libdoca_eth	doca_eth_rxq_event_batch_managed_recv_get_ctx	query
libdoca_eth	doca_eth_rxq_event_batch_managed_recv_get_flow_tag_array	query
libdoca_eth	doca_eth_rxq_event_batch_managed_recv_get_l3_ok_array	query
libdoca_eth	doca_eth_rxq_event_batch_managed_recv_get_l4_ok_array	query
libdoca_eth	doca_eth_rxq_event_batch_managed_recv_get_metadata_array	query
libdoca_eth	doca_eth_rxq_event_batch_managed_recv_get_rx_hash_array	query
libdoca_eth	doca_eth_rxq_event_batch_managed_recv_get_timestamp_array	query
libdoca_eth	doca_eth_rxq_event_batch_managed_recv_pkt_array_free	lifecycle
libdoca_eth	doca_eth_rxq_event_batch_managed_recv_register	lifecycle
libdoca_eth	doca_eth_rxq_event_managed_recv_get_ctx	query
libdoca_eth	doca_eth_rxq_event_managed_recv_get_flow_tag	query
libdoca_eth	doca_eth_rxq_event_managed_recv_get_l3_ok	query
libdoca_eth	doca_eth_rxq_event_managed_recv_get_l4_ok	query
libdoca_eth	doca_eth_rxq_event_managed_recv_get_metadata_array	query
libdoca_eth	doca_eth_rxq_event_managed_recv_get_rx_hash	query
libdoca_eth	doca_eth_rxq_event_managed_recv_get_status	query
libdoca_eth	doca_eth_rxq_event_managed_recv_get_timestamp	query
libdoca_eth	doca_eth_rxq_event_managed_recv_register	lifecycle
libdoca_eth	doca_eth_rxq_get_flow_queue_id	query
libdoca_eth	doca_eth_rxq_get_gpu_handle	query
libdoca_eth	doca_eth_rxq_set_flow_tag	query
libdoca_eth	doca_eth_rxq_set_max_burst_size	query
libdoca_eth	doca_eth_rxq_set_max_packet_size	query
libdoca_eth	doca_eth_rxq_set_max_recv_buf_list_len	query
libdoca_eth	doca_eth_rxq_set_metadata_num	query
libdoca_eth	doca_eth_rxq_set_notification_moderation	query
libdoca_eth	doca_eth_rxq_set_packet_headroom	query
libdoca_eth	doca_eth_rxq_set_packet_tailroom	query
libdoca_eth	doca_eth_rxq_set_pkt_buf	query
libdoca_eth	doca_eth_rxq_set_rx_hash	query
libdoca_eth	doca_eth_rxq_set_timestamp	query
libdoca_eth	doca_eth_rxq_set_type	query
libdoca_eth	doca_eth_rxq_task_recv_allocate_init	construct
libdoca_eth	doca_eth_rxq_task_recv_as_doca_task	construct
libdoca_eth	doca_eth_rxq_task_recv_get_flow_tag	query
libdoca_eth	doca_eth_rxq_task_recv_get_l3_ok	query
libdoca_eth	doca_eth_rxq_task_recv_get_l4_ok	query
libdoca_eth	doca_eth_rxq_task_recv_get_metadata_array	query
libdoca_eth	doca_eth_rxq_task_recv_get_pkt	query
libdoca_eth	doca_eth_rxq_task_recv_get_rx_hash	query
libdoca_eth	doca_eth_rxq_task_recv_get_timestamp	query
libdoca_eth	doca_eth_rxq_task_recv_set_conf	query
libdoca_eth	doca_eth_rxq_task_recv_set_pkt	query
libdoca_eth	doca_eth_txq_as_doca_ctx	query
libdoca_eth	doca_eth_txq_calculate_timestamp	query
libdoca_eth	doca_eth_txq_cap_get_max_burst_size	capability
libdoca_eth	doca_eth_txq_cap_get_max_lso_header_size	capability
libdoca_eth	doca_eth_txq_cap_get_max_lso_msg_size	capability
libdoca_eth	doca_eth_txq_cap_get_max_metadata_num	capability
libdoca_eth	doca_eth_txq_cap_get_max_send_buf_list_len	capability
libdoca_eth	doca_eth_txq_cap_get_wait_on_time_offload_supported	poll
libdoca_eth	doca_eth_txq_cap_is_l3_chksum_offload_supported	capability
libdoca_eth	doca_eth_txq_cap_is_l4_chksum_offload_supported	capability
libdoca_eth	doca_eth_txq_cap_is_type_supported	capability
libdoca_eth	doca_eth_txq_create	lifecycle
libdoca_eth	doca_eth_txq_destroy	lifecycle
libdoca_eth	doca_eth_txq_get_flow_queue_id	query
libdoca_eth	doca_eth_txq_get_gpu_handle	query
libdoca_eth	doca_eth_txq_gpu_event_error_send_packet_get_position	query
libdoca_eth	doca_eth_txq_gpu_event_error_send_packet_register	lifecycle
libdoca_eth	doca_eth_txq_gpu_event_notify_send_packet_get_position	query
libdoca_eth	doca_eth_txq_gpu_event_notify_send_packet_get_timestamp	query
libdoca_eth	doca_eth_txq_gpu_event_notify_send_packet_register	lifecycle
libdoca_eth	doca_eth_txq_gpu_set_completion_on_gpu	query
libdoca_eth	doca_eth_txq_set_l3_chksum_offload	query
libdoca_eth	doca_eth_txq_set_l4_chksum_offload	query
libdoca_eth	doca_eth_txq_set_max_burst_size	query
libdoca_eth	doca_eth_txq_set_max_lso_header_size	query
libdoca_eth	doca_eth_txq_set_max_send_buf_list_len	query
libdoca_eth	doca_eth_txq_set_metadata_num	query
libdoca_eth	doca_eth_txq_set_mss	query
libdoca_eth	doca_eth_txq_set_type	query
libdoca_eth	doca_eth_txq_set_wait_on_time_offload	poll
libdoca_eth	doca_eth_txq_task_batch_lso_send_allocate	construct
libdoca_eth	doca_eth_txq_task_batch_lso_send_get_metadata_array	query
libdoca_eth	doca_eth_txq_task_batch_lso_send_get_mss_array	query
libdoca_eth	doca_eth_txq_task_batch_lso_send_get_ol_flags_array	query
libdoca_eth	doca_eth_txq_task_batch_lso_send_num_expand	construct
libdoca_eth	doca_eth_txq_task_batch_lso_send_set_conf	query
libdoca_eth	doca_eth_txq_task_batch_send_allocate	construct
libdoca_eth	doca_eth_txq_task_batch_send_get_metadata_array	query
libdoca_eth	doca_eth_txq_task_batch_send_get_ol_flags_array	query
libdoca_eth	doca_eth_txq_task_batch_send_num_expand	construct
libdoca_eth	doca_eth_txq_task_batch_send_set_conf	query
libdoca_eth	doca_eth_txq_task_lso_send_allocate_init	construct
libdoca_eth	doca_eth_txq_task_lso_send_as_doca_task	construct
libdoca_eth	doca_eth_txq_task_lso_send_get_headers	query
libdoca_eth	doca_eth_txq_task_lso_send_get_metadata_array	query
libdoca_eth	doca_eth_txq_task_lso_send_get_pkt_payload	query
libdoca_eth	doca_eth_txq_task_lso_send_num_expand	construct
libdoca_eth	doca_eth_txq_task_lso_send_set_conf	query
libdoca_eth	doca_eth_txq_task_lso_send_set_headers	query
libdoca_eth	doca_eth_txq_task_lso_send_set_mss	query
libdoca_eth	doca_eth_txq_task_lso_send_set_ol_flags	query
libdoca_eth	doca_eth_txq_task_lso_send_set_pkt_payload	query
libdoca_eth	doca_eth_txq_task_send_allocate_init	construct
libdoca_eth	doca_eth_txq_task_send_as_doca_task	construct
libdoca_eth	doca_eth_txq_task_send_get_metadata_array	query
libdoca_eth	doca_eth_txq_task_send_get_pkt	query
libdoca_eth	doca_eth_txq_task_send_num_expand	construct
libdoca_eth	doca_eth_txq_task_send_set_conf	query
libdoca_eth	doca_eth_txq_task_send_set_ol_flags	query
libdoca_eth	doca_eth_txq_task_send_set_pkt	query
libdoca_flow	doca_flow_aging_handle	poll
libdoca_flow	doca_flow_cfg_create	lifecycle
libdoca_flow	doca_flow_cfg_destroy	lifecycle
libdoca_flow	doca_flow_cfg_set_cb_entry_process	query
libdoca_flow	doca_flow_cfg_set_cb_pipe_process	query
libdoca_flow	doca_flow_cfg_set_cb_shared_resource_unbind	lifecycle
libdoca_flow	doca_flow_cfg_set_default_rss	query
libdoca_flow	doca_flow_cfg_set_definitions	query
libdoca_flow	doca_flow_cfg_set_mode_args	query
libdoca_flow	doca_flow_cfg_set_nr_acl_collisions	query
libdoca_flow	doca_flow_cfg_set_nr_counters	query
libdoca_flow	doca_flow_cfg_set_nr_meters	query
libdoca_flow	doca_flow_cfg_set_nr_shared_resource	query
libdoca_flow	doca_flow_cfg_set_pipe_queues	query
libdoca_flow	doca_flow_cfg_set_queue_depth	query
libdoca_flow	doca_flow_cfg_set_rss_key	query
libdoca_flow	doca_flow_crypto_ipsec_resource_handle	lifecycle
libdoca_flow	doca_flow_crypto_ipsec_update_sn	lifecycle
libdoca_flow	doca_flow_crypto_psp_master_key_rotate	lifecycle
libdoca_flow	doca_flow_crypto_psp_spi_key_bulk_alloc	lifecycle
libdoca_flow	doca_flow_crypto_psp_spi_key_bulk_clear	lifecycle
libdoca_flow	doca_flow_crypto_psp_spi_key_bulk_free	lifecycle
libdoca_flow	doca_flow_crypto_psp_spi_key_bulk_generate	construct
libdoca_flow	doca_flow_crypto_psp_spi_key_bulk_get	query
libdoca_flow	doca_flow_crypto_psp_spi_key_wipe	lifecycle
libdoca_flow	doca_flow_ct_actions_add_shared	lifecycle
libdoca_flow	doca_flow_ct_actions_rm_shared	lifecycle
libdoca_flow	doca_flow_ct_actions_update_shared	lifecycle
libdoca_flow	doca_flow_ct_add_entry	lifecycle
libdoca_flow	doca_flow_ct_cap_is_dev_supported	capability
libdoca_flow	doca_flow_ct_destroy	lifecycle
libdoca_flow	doca_flow_ct_entry_add_dir	lifecycle
libdoca_flow	doca_flow_ct_entry_get_aging_conn_id	query
libdoca_flow	doca_flow_ct_entry_get_by_id	query
libdoca_flow	doca_flow_ct_entry_get_conn_id	query
libdoca_flow	doca_flow_ct_entry_get_priv_data	query
libdoca_flow	doca_flow_ct_entry_prepare	construct
libdoca_flow	doca_flow_ct_entry_prepare_rollback	construct
libdoca_flow	doca_flow_ct_fwd_register	lifecycle
libdoca_flow	doca_flow_ct_get_entry	query
libdoca_flow	doca_flow_ct_query_entry	query
libdoca_flow	doca_flow_ct_rm_entry	lifecycle
libdoca_flow	doca_flow_ct_update_entry	lifecycle
libdoca_flow	doca_flow_destroy	lifecycle
libdoca_flow	doca_flow_entries_process	poll
libdoca_flow	doca_flow_get_target	query
libdoca_flow	doca_flow_init	lifecycle
libdoca_flow	doca_flow_mpls_label_decode	query
libdoca_flow	doca_flow_mpls_label_encode	query
libdoca_flow	doca_flow_parser_geneve_opt_create	lifecycle
libdoca_flow	doca_flow_parser_geneve_opt_destroy	lifecycle
libdoca_flow	doca_flow_pipe_acl_add_entry	lifecycle
libdoca_flow	doca_flow_pipe_add_entry	lifecycle
libdoca_flow	doca_flow_pipe_calc_hash	query
libdoca_flow	doca_flow_pipe_cfg_create	lifecycle
libdoca_flow	doca_flow_pipe_cfg_destroy	lifecycle
libdoca_flow	doca_flow_pipe_cfg_set_actions	query
libdoca_flow	doca_flow_pipe_cfg_set_congestion_level_threshold	query
libdoca_flow	doca_flow_pipe_cfg_set_dir_info	query
libdoca_flow	doca_flow_pipe_cfg_set_domain	query
libdoca_flow	doca_flow_pipe_cfg_set_excluded_queue	query
libdoca_flow	doca_flow_pipe_cfg_set_hash_map_algorithm	query
libdoca_flow	doca_flow_pipe_cfg_set_is_resizable	query
libdoca_flow	doca_flow_pipe_cfg_set_is_root	query
libdoca_flow	doca_flow_pipe_cfg_set_label	query
libdoca_flow	doca_flow_pipe_cfg_set_match	query
libdoca_flow	doca_flow_pipe_cfg_set_miss_counter	query
libdoca_flow	doca_flow_pipe_cfg_set_monitor	query
libdoca_flow	doca_flow_pipe_cfg_set_name	query
libdoca_flow	doca_flow_pipe_cfg_set_nr_entries	query
libdoca_flow	doca_flow_pipe_cfg_set_ordered_lists	query
libdoca_flow	doca_flow_pipe_cfg_set_type	query
libdoca_flow	doca_flow_pipe_cfg_set_user_ctx	query
libdoca_flow	doca_flow_pipe_control_add_entry	lifecycle
libdoca_flow	doca_flow_pipe_create	lifecycle
libdoca_flow	doca_flow_pipe_destroy	lifecycle
libdoca_flow	doca_flow_pipe_dump	query
libdoca_flow	doca_flow_pipe_entry_get_status	query
libdoca_flow	doca_flow_pipe_hash_add_entry	lifecycle
libdoca_flow	doca_flow_pipe_lpm_add_entry	lifecycle
libdoca_flow	doca_flow_pipe_lpm_update_entry	lifecycle
libdoca_flow	doca_flow_pipe_ordered_list_add_entry	lifecycle
libdoca_flow	doca_flow_pipe_remove_entry	lifecycle
libdoca_flow	doca_flow_pipe_resize	lifecycle
libdoca_flow	doca_flow_pipe_update_entry	lifecycle
libdoca_flow	doca_flow_pipe_update_miss	lifecycle
libdoca_flow	doca_flow_port_calc_entropy	query
libdoca_flow	doca_flow_port_cfg_create	lifecycle
libdoca_flow	doca_flow_port_cfg_destroy	lifecycle
libdoca_flow	doca_flow_port_cfg_set_actions_mem_size	query
libdoca_flow	doca_flow_port_cfg_set_dev	query
libdoca_flow	doca_flow_port_cfg_set_dev_rep	query
libdoca_flow	doca_flow_port_cfg_set_devargs	query
libdoca_flow	doca_flow_port_cfg_set_ipsec_sn_offload_disable	query
libdoca_flow	doca_flow_port_cfg_set_operation_state	query
libdoca_flow	doca_flow_port_cfg_set_port_id	query
libdoca_flow	doca_flow_port_cfg_set_priv_data_size	query
libdoca_flow	doca_flow_port_cfg_set_rss_cfg	query
libdoca_flow	doca_flow_port_cfg_set_service_threads_core	query
libdoca_flow	doca_flow_port_cfg_set_service_threads_cycle	query
libdoca_flow	doca_flow_port_operation_state_modify	lifecycle
libdoca_flow	doca_flow_port_pair	connect
libdoca_flow	doca_flow_port_pipes_dump	query
libdoca_flow	doca_flow_port_pipes_flush	lifecycle
libdoca_flow	doca_flow_port_priv_data	query
libdoca_flow	doca_flow_port_start	lifecycle
libdoca_flow	doca_flow_port_stop	lifecycle
libdoca_flow	doca_flow_port_switch_get	query
libdoca_flow	doca_flow_resource_query_entry	query
libdoca_flow	doca_flow_resource_query_pipe_miss	query
libdoca_flow	doca_flow_shared_resource_set_cfg	query
libdoca_flow	doca_flow_shared_resources_bind	lifecycle
libdoca_flow	doca_flow_shared_resources_query	query
libdoca_flow	priv_doca_flow_ct_get	query
libdoca_flow	priv_doca_flow_ct_get_actions_size	query
libdoca_flow	priv_doca_flow_ct_get_ctrl_queues	query
libdoca_flow	priv_doca_flow_ct_get_match_size	query
libdoca_flow	priv_doca_flow_ct_get_queue_depth	query
libdoca_flow	priv_doca_flow_ct_get_worker_queues	query
libdoca_flow	priv_doca_flow_ct_is_enabled	capability
libdoca_flow	priv_doca_flow_ct_loaded	internal
libdoca_flow	priv_doca_flow_ct_register	lifecycle
libdoca_flow	priv_doca_flow_ct_set_enable	query
libdoca_flow	priv_doca_flow_ct_set_queues	query
libdoca_flow	priv_doca_flow_definitions_add_field	lifecycle
libdoca_flow	priv_doca_flow_definitions_create	lifecycle
libdoca_flow	priv_doca_flow_definitions_destroy	lifecycle
libdoca_flow	priv_doca_flow_hws_create_ct_actions_templates	lifecycle
libdoca_flow	priv_doca_flow_hws_port_enable_mark	internal
libdoca_flow	priv_doca_flow_hws_port_get_by_id	query
libdoca_flow	priv_doca_flow_hws_register_get_meta	lifecycle
libdoca_flow	priv_doca_flow_hws_register_get_pkt_meta	lifecycle
libdoca_flow	priv_doca_flow_pipe_get_steering_ctx	query
libdoca_flow	priv_doca_flow_pipe_hws_table_get	query
libdoca_flow	priv_doca_flow_pipe_id_get	query
libdoca_flow	priv_doca_flow_pipe_set_export_callback	connect
libdoca_flow	priv_doca_flow_port_add_sq	lifecycle
libdoca_flow	priv_doca_flow_port_get_steering_ctx	query
libdoca_flow	priv_doca_flow_port_remove_sq	lifecycle
libdoca_flow_ct	doca_flow_ct_aging_conn_timeout	lifecycle
libdoca_flow_ct	doca_flow_ct_aging_conn_update	lifecycle
libdoca_flow_ct	doca_flow_ct_aging_counter_query	query
libdoca_flow_ct	doca_flow_ct_aging_counter_state_get	query
libdoca_flow_ct	doca_flow_ct_aging_counter_state_set	query
libdoca_flow_ct	doca_flow_ct_cfg_create	lifecycle
libdoca_flow_ct	doca_flow_ct_cfg_destroy	lifecycle
libdoca_flow_ct	doca_flow_ct_cfg_set_aging_core	query
libdoca_flow_ct	doca_flow_ct_cfg_set_aging_plugin_ops	query
libdoca_flow_ct	doca_flow_ct_cfg_set_aging_query_delay	query
libdoca_flow_ct	doca_flow_ct_cfg_set_autonomous	query
libdoca_flow_ct	doca_flow_ct_cfg_set_connections	connect
libdoca_flow_ct	doca_flow_ct_cfg_set_counter_asymmetric	query
libdoca_flow_ct	doca_flow_ct_cfg_set_ctrl_queues	query
libdoca_flow_ct	doca_flow_ct_cfg_set_direction	query
libdoca_flow_ct	doca_flow_ct_cfg_set_dup_filter_size	query
libdoca_flow_ct	doca_flow_ct_cfg_set_entry_finalize_cb	query
libdoca_flow_ct	doca_flow_ct_cfg_set_entry_private_data_size	query
libdoca_flow_ct	doca_flow_ct_cfg_set_flags	query
libdoca_flow_ct	doca_flow_ct_cfg_set_max_connections_per_zone	connect
libdoca_flow_ct	doca_flow_ct_cfg_set_queue_depth	query
libdoca_flow_ct	doca_flow_ct_cfg_set_queues	query
libdoca_flow_ct	doca_flow_ct_cfg_set_status_update_cb	query
libdoca_flow_ct	doca_flow_ct_cfg_set_user_actions	query
libdoca_flow_ct	doca_flow_ct_entries_process	poll
libdoca_flow_ct	doca_flow_ct_init	lifecycle
libdoca_flow_ct	doca_flow_ct_meta_get_action_offset	query
libdoca_flow_ct	doca_flow_ct_meta_get_user_offset	query
libdoca_flow_ct	doca_flow_ct_meta_get_zone_offset	query
libdoca_flow_ct	doca_flow_ct_meta_mask_prepare	construct
libdoca_flow_ct	doca_flow_ct_meta_prepare	construct
libdoca_flow_ct	doca_flow_ct_meta_set_match_zone	query
libdoca_flow_ct	doca_flow_ct_rss_pipe_get	query
libdoca_flow_ct	doca_flow_ct_set_vxlan_dst_port	query
libdoca_flow_definitions	doca_flow_definitions_add_field	lifecycle
libdoca_flow_definitions	doca_flow_definitions_cfg_create	lifecycle
libdoca_flow_definitions	doca_flow_definitions_cfg_destroy	lifecycle
libdoca_flow_definitions	doca_flow_definitions_create	lifecycle
libdoca_flow_definitions	doca_flow_definitions_destroy	lifecycle
libdoca_flow_info_comp	priv_module_flow_info_comp_action_resource_get	query
libdoca_flow_info_comp	priv_module_flow_info_comp_action_resource_put	lifecycle
libdoca_flow_info_comp	priv_module_flow_info_comp_action_template_create	lifecycle
libdoca_flow_info_comp	priv_module_flow_info_comp_action_template_destroy	lifecycle
libdoca_flow_info_comp	priv_module_flow_info_comp_deinit	lifecycle
libdoca_flow_info_comp	priv_module_flow_info_comp_entry_create	lifecycle
libdoca_flow_info_comp	priv_module_flow_info_comp_entry_destroy	lifecycle
libdoca_flow_info_comp	priv_module_flow_info_comp_fields_verify	internal
libdoca_flow_info_comp	priv_module_flow_info_comp_get_mode_type	query
libdoca_flow_info_comp	priv_module_flow_info_comp_get_string_callbacks	query
libdoca_flow_info_comp	priv_module_flow_info_comp_group_create	lifecycle
libdoca_flow_info_comp	priv_module_flow_info_comp_group_destroy	lifecycle
libdoca_flow_info_comp	priv_module_flow_info_comp_group_increase_ref_count	query
libdoca_flow_info_comp	priv_module_flow_info_comp_group_set_default_miss	query
libdoca_flow_info_comp	priv_module_flow_info_comp_group_set_name	query
libdoca_flow_info_comp	priv_module_flow_info_comp_init	lifecycle
libdoca_flow_info_comp	priv_module_flow_info_comp_match_template_create	lifecycle
libdoca_flow_info_comp	priv_module_flow_info_comp_match_template_destroy	lifecycle
libdoca_flow_info_comp	priv_module_flow_info_comp_matcher_create	lifecycle
libdoca_flow_info_comp	priv_module_flow_info_comp_matcher_destroy	lifecycle
libdoca_flow_info_comp	priv_module_flow_info_comp_matcher_set_actions_data	query
libdoca_flow_info_comp	priv_module_flow_info_comp_matcher_set_items	query
libdoca_flow_info_comp	priv_module_flow_info_comp_pipe_add_child_pipe	lifecycle
libdoca_flow_info_comp	priv_module_flow_info_comp_pipe_add_group	lifecycle
libdoca_flow_info_comp	priv_module_flow_info_comp_pipe_create	lifecycle
libdoca_flow_info_comp	priv_module_flow_info_comp_pipe_destroy	lifecycle
libdoca_flow_info_comp	priv_module_flow_info_comp_pipe_release	lifecycle
libdoca_flow_info_comp	priv_module_flow_info_comp_pipe_set_fwd	query
libdoca_flow_info_comp	priv_module_flow_info_comp_pipe_update	internal
libdoca_flow_info_comp	priv_module_flow_info_comp_port_action_resource_update_id	internal
libdoca_flow_info_comp	priv_module_flow_info_comp_port_counter_entries_ops_increment	internal
libdoca_flow_info_comp	priv_module_flow_info_comp_port_counter_pending_ops_decrement	internal
libdoca_flow_info_comp	priv_module_flow_info_comp_port_create	lifecycle
libdoca_flow_info_comp	priv_module_flow_info_comp_port_destroy	lifecycle
libdoca_flow_info_comp	priv_module_flow_info_comp_port_register_action_resource	lifecycle
libdoca_flow_info_comp	priv_module_flow_info_comp_port_set_attributes	query
libdoca_flow_info_comp	priv_module_flow_info_comp_port_set_endecap_action_mem	query
libdoca_flow_info_comp	priv_module_flow_info_comp_query_action_templates	query
libdoca_flow_info_comp	priv_module_flow_info_comp_query_actions	query
libdoca_flow_info_comp	priv_module_flow_info_comp_query_fwds	query
libdoca_flow_info_comp	priv_module_flow_info_comp_query_match_templates	query
libdoca_flow_info_comp	priv_module_flow_info_comp_query_nr_ports	query
libdoca_flow_info_comp	priv_module_flow_info_comp_query_nr_queues	query
libdoca_flow_info_comp	priv_module_flow_info_comp_query_pipe	query
libdoca_flow_info_comp	priv_module_flow_info_comp_query_port	query
libdoca_flow_info_comp	priv_module_flow_info_comp_query_port_ids	query
libdoca_flow_info_comp	priv_module_flow_info_comp_query_port_kpi	query
libdoca_flow_info_comp	priv_module_flow_info_comp_query_port_pipe_ids	query
libdoca_flow_info_comp	priv_module_flow_info_comp_query_queue_depth	query
libdoca_flow_info_comp	priv_module_flow_info_comp_register_action_counter	lifecycle
libdoca_flow_info_comp	priv_module_flow_info_comp_register_action_crypto	lifecycle
libdoca_flow_info_comp	priv_module_flow_info_comp_register_action_inline	lifecycle
libdoca_flow_info_comp	priv_module_flow_info_comp_register_action_insert_header	lifecycle
libdoca_flow_info_comp	priv_module_flow_info_comp_register_action_ipsec	lifecycle
libdoca_flow_info_comp	priv_module_flow_info_comp_register_action_meter	lifecycle
libdoca_flow_info_comp	priv_module_flow_info_comp_register_action_modify_header	lifecycle
libdoca_flow_info_comp	priv_module_flow_info_comp_register_action_nat64	lifecycle
libdoca_flow_info_comp	priv_module_flow_info_comp_register_action_pop_vlan	lifecycle
libdoca_flow_info_comp	priv_module_flow_info_comp_register_action_push_vlan	lifecycle
libdoca_flow_info_comp	priv_module_flow_info_comp_register_action_reformat_l2_to_tnl_l2	lifecycle
libdoca_flow_info_comp	priv_module_flow_info_comp_register_action_reformat_l2_to_tnl_l3	lifecycle
libdoca_flow_info_comp	priv_module_flow_info_comp_register_action_reformat_tnl_l2_to_l2	lifecycle
libdoca_flow_info_comp	priv_module_flow_info_comp_register_action_reformat_tnl_l3_to_l2	lifecycle
libdoca_flow_info_comp	priv_module_flow_info_comp_register_action_remove_header	lifecycle
libdoca_flow_info_comp	priv_module_flow_info_comp_register_action_tag	lifecycle
libdoca_flow_info_comp	priv_module_flow_info_comp_register_action_trailer_reformat	lifecycle
libdoca_flow_info_comp	priv_module_flow_info_comp_register_fwd_array	lifecycle
libdoca_flow_info_comp	priv_module_flow_info_comp_register_fwd_changeable	lifecycle
libdoca_flow_info_comp	priv_module_flow_info_comp_register_fwd_changeable_pipe	lifecycle
libdoca_flow_info_comp	priv_module_flow_info_comp_register_fwd_changeable_port	lifecycle
libdoca_flow_info_comp	priv_module_flow_info_comp_register_fwd_drop	lifecycle
libdoca_flow_info_comp	priv_module_flow_info_comp_register_fwd_matcher	lifecycle
libdoca_flow_info_comp	priv_module_flow_info_comp_register_fwd_pipe	lifecycle
libdoca_flow_info_comp	priv_module_flow_info_comp_register_fwd_port	lifecycle
libdoca_flow_info_comp	priv_module_flow_info_comp_register_fwd_rss	lifecycle
libdoca_flow_info_comp	priv_module_flow_info_comp_register_fwd_target	lifecycle
libdoca_flow_info_comp	priv_module_flow_info_comp_shared_action_enable	internal
libdoca_flow_info_comp	priv_module_flow_info_comp_unregister_action	lifecycle
libdoca_flow_info_comp	priv_module_flow_info_comp_unregister_fwd	lifecycle
libdoca_flow_tune_server	doca_flow_tune_server_cfg_create	lifecycle
libdoca_flow_tune_server	doca_flow_tune_server_cfg_destroy	lifecycle
libdoca_flow_tune_server	doca_flow_tune_server_cfg_set_cfg_file_path	query
libdoca_flow_tune_server	doca_flow_tune_server_destroy	lifecycle
libdoca_flow_tune_server	doca_flow_tune_server_init	lifecycle
libdoca_pcc	_dpacc_lib_libdoca_pcc_dev_register_all	internal
libdoca_pcc	_dpacc_lib_libdoca_pcc_np_dev_register_all	internal
libdoca_pcc	doca_devinfo_get_is_pcc_supported	capability
libdoca_pcc	doca_pcc_activate_tracer	lifecycle
libdoca_pcc	doca_pcc_cap_get_num_probe_format_slots	capability
libdoca_pcc	doca_pcc_cap_is_ccmad_custom_header_supported	capability
libdoca_pcc	doca_pcc_create	lifecycle
libdoca_pcc	doca_pcc_deactivate_tracer	lifecycle
libdoca_pcc	doca_pcc_destroy	lifecycle
libdoca_pcc	doca_pcc_dump_debug	query
libdoca_pcc	doca_pcc_enable_debug	lifecycle
libdoca_pcc	doca_pcc_get_max_num_threads	capability
libdoca_pcc	doca_pcc_get_min_num_threads	query
libdoca_pcc	doca_pcc_get_process_state	query
libdoca_pcc	doca_pcc_mailbox_get_request_buffer	query
libdoca_pcc	doca_pcc_mailbox_get_response_buffer	query
libdoca_pcc	doca_pcc_mailbox_send	submit
libdoca_pcc	doca_pcc_np_cap_is_supported	capability
libdoca_pcc	doca_pcc_np_create	lifecycle
libdoca_pcc	doca_pcc_np_set_ifa2_gns_ignore	query
libdoca_pcc	doca_pcc_register_trace_handler	lifecycle
libdoca_pcc	doca_pcc_rp_set_ccmad_custom_header_location	query
libdoca_pcc	doca_pcc_rp_set_ccmad_custom_header_size	query
libdoca_pcc	doca_pcc_rp_set_ccmad_remote_sw_handler	query
libdoca_pcc	doca_pcc_rp_set_ifa2_gns	query
libdoca_pcc	doca_pcc_rp_set_ifa2_hop_limit	query
libdoca_pcc	doca_pcc_set_app	query
libdoca_pcc	doca_pcc_set_ccmad_probe_packet_format	query
libdoca_pcc	doca_pcc_set_dev_coredump_file	query
libdoca_pcc	doca_pcc_set_ifa1_probe_marker	query
libdoca_pcc	doca_pcc_set_ifa1_probe_packet_format	query
libdoca_pcc	doca_pcc_set_ifa2_probe_packet_format	query
libdoca_pcc	doca_pcc_set_mailbox	query
libdoca_pcc	doca_pcc_set_print_buffer_size	query
libdoca_pcc	doca_pcc_set_thread_affinity	query
libdoca_pcc	doca_pcc_set_trace_message	query
libdoca_pcc	doca_pcc_start	lifecycle
libdoca_pcc	doca_pcc_stop	lifecycle
libdoca_pcc	doca_pcc_trace_buf_get	query
libdoca_pcc	doca_pcc_trace_buf_set	query
libdoca_pcc	doca_pcc_trace_file_get	query
libdoca_pcc	doca_pcc_trace_file_set	query
libdoca_pcc	doca_pcc_wait	poll
libdoca_pcc	priv_doca_pcc_cap_is_probe_priority_change_supported	capability
libdoca_pcc	priv_doca_pcc_rp_set_ccmad_probe_priority_change_en	query
libdoca_rdma	doca_rdma_addr_create	lifecycle
libdoca_rdma	doca_rdma_addr_destroy	lifecycle
libdoca_rdma	doca_rdma_addr_get_params	query
libdoca_rdma	doca_rdma_as_ctx	query
libdoca_rdma	doca_rdma_bridge_accept	connect
libdoca_rdma	doca_rdma_bridge_established	connect
libdoca_rdma	doca_rdma_bridge_prepare_connection	connect
libdoca_rdma	doca_rdma_cap_get_gid	capability
libdoca_rdma	doca_rdma_cap_get_gid_table_size	capability
libdoca_rdma	doca_rdma_cap_get_max_message_size	capability
libdoca_rdma	doca_rdma_cap_get_max_recv_queue_size	capability
libdoca_rdma	doca_rdma_cap_get_max_send_buf_list_len	capability
libdoca_rdma	doca_rdma_cap_get_max_send_queue_size	capability
libdoca_rdma	doca_rdma_cap_task_atomic_cmp_swp_is_supported	capability
libdoca_rdma	doca_rdma_cap_task_atomic_fetch_add_is_supported	lifecycle
libdoca_rdma	doca_rdma_cap_task_read_is_supported	capability
libdoca_rdma	doca_rdma_cap_task_receive_get_max_dst_buf_list_len	capability
libdoca_rdma	doca_rdma_cap_task_receive_is_supported	capability
libdoca_rdma	doca_rdma_cap_task_remote_net_sync_event_get_is_supported	capability
libdoca_rdma	doca_rdma_cap_task_remote_net_sync_event_notify_add_is_supported	lifecycle
libdoca_rdma	doca_rdma_cap_task_remote_net_sync_event_notify_set_is_supported	capability
libdoca_rdma	doca_rdma_cap_task_send_imm_is_supported	capability
libdoca_rdma	doca_rdma_cap_task_send_is_supported	capability
libdoca_rdma	doca_rdma_cap_task_write_imm_is_supported	capability
libdoca_rdma	doca_rdma_cap_task_write_is_supported	capability
libdoca_rdma	doca_rdma_cap_transport_type_is_supported	capability
libdoca_rdma	doca_rdma_connect	connect
libdoca_rdma	doca_rdma_connect_to_addr	connect
libdoca_rdma	doca_rdma_connection_accept	connect
libdoca_rdma	doca_rdma_connection_disconnect	connect
libdoca_rdma	doca_rdma_connection_get_addr	connect
libdoca_rdma	doca_rdma_connection_get_id	connect
libdoca_rdma	doca_rdma_connection_get_user_data	connect
libdoca_rdma	doca_rdma_connection_reject	connect
libdoca_rdma	doca_rdma_connection_set_user_data	connect
libdoca_rdma	doca_rdma_create	lifecycle
libdoca_rdma	doca_rdma_destroy	lifecycle
libdoca_rdma	doca_rdma_dpa_completion_attach	lifecycle
libdoca_rdma	doca_rdma_export	connect
libdoca_rdma	doca_rdma_get_connection_request_timeout	connect
libdoca_rdma	doca_rdma_get_dpa_handle	query
libdoca_rdma	doca_rdma_get_gid_index	query
libdoca_rdma	doca_rdma_get_gpu_handle	query
libdoca_rdma	doca_rdma_get_grh_enabled	query
libdoca_rdma	doca_rdma_get_max_num_connections	connect
libdoca_rdma	doca_rdma_get_max_send_buf_list_len	capability
libdoca_rdma	doca_rdma_get_mtu	query
libdoca_rdma	doca_rdma_get_permissions	query
libdoca_rdma	doca_rdma_get_recv_queue_size	query
libdoca_rdma	doca_rdma_get_rnr_retry_count	query
libdoca_rdma	doca_rdma_get_send_queue_size	query
libdoca_rdma	doca_rdma_get_sl	query
libdoca_rdma	doca_rdma_get_transport_type	query
libdoca_rdma	doca_rdma_set_connection_request_timeout	connect
libdoca_rdma	doca_rdma_set_connection_state_callbacks	connect
libdoca_rdma	doca_rdma_set_gid_index	query
libdoca_rdma	doca_rdma_set_grh_enabled	query
libdoca_rdma	doca_rdma_set_max_num_connections	connect
libdoca_rdma	doca_rdma_set_max_send_buf_list_len	query
libdoca_rdma	doca_rdma_set_mtu	query
libdoca_rdma	doca_rdma_set_permissions	query
libdoca_rdma	doca_rdma_set_recv_queue_size	query
libdoca_rdma	doca_rdma_set_rnr_retry_count	query
libdoca_rdma	doca_rdma_set_send_queue_size	query
libdoca_rdma	doca_rdma_set_sl	query
libdoca_rdma	doca_rdma_set_transport_type	query
libdoca_rdma	doca_rdma_start_listen_to_port	connect
libdoca_rdma	doca_rdma_stop_listen_to_port	connect
libdoca_rdma	doca_rdma_task_atomic_cmp_swp_allocate_init	construct
libdoca_rdma	doca_rdma_task_atomic_cmp_swp_as_task	construct
libdoca_rdma	doca_rdma_task_atomic_cmp_swp_get_cmp_data	query
libdoca_rdma	doca_rdma_task_atomic_cmp_swp_get_dst_buf	query
libdoca_rdma	doca_rdma_task_atomic_cmp_swp_get_rdma_connection	connect
libdoca_rdma	doca_rdma_task_atomic_cmp_swp_get_result_buf	query
libdoca_rdma	doca_rdma_task_atomic_cmp_swp_get_swap_data	query
libdoca_rdma	doca_rdma_task_atomic_cmp_swp_set_cmp_data	query
libdoca_rdma	doca_rdma_task_atomic_cmp_swp_set_conf	query
libdoca_rdma	doca_rdma_task_atomic_cmp_swp_set_dst_buf	query
libdoca_rdma	doca_rdma_task_atomic_cmp_swp_set_rdma_connection	connect
libdoca_rdma	doca_rdma_task_atomic_cmp_swp_set_result_buf	query
libdoca_rdma	doca_rdma_task_atomic_cmp_swp_set_swap_data	query
libdoca_rdma	doca_rdma_task_atomic_fetch_add_allocate_init	construct
libdoca_rdma	doca_rdma_task_atomic_fetch_add_as_task	construct
libdoca_rdma	doca_rdma_task_atomic_fetch_add_get_add_data	lifecycle
libdoca_rdma	doca_rdma_task_atomic_fetch_add_get_dst_buf	lifecycle
libdoca_rdma	doca_rdma_task_atomic_fetch_add_get_rdma_connection	connect
libdoca_rdma	doca_rdma_task_atomic_fetch_add_get_result_buf	lifecycle
libdoca_rdma	doca_rdma_task_atomic_fetch_add_set_add_data	lifecycle
libdoca_rdma	doca_rdma_task_atomic_fetch_add_set_conf	lifecycle
libdoca_rdma	doca_rdma_task_atomic_fetch_add_set_dst_buf	lifecycle
libdoca_rdma	doca_rdma_task_atomic_fetch_add_set_rdma_connection	connect
libdoca_rdma	doca_rdma_task_atomic_fetch_add_set_result_buf	lifecycle
libdoca_rdma	doca_rdma_task_read_allocate_init	construct
libdoca_rdma	doca_rdma_task_read_as_task	construct
libdoca_rdma	doca_rdma_task_read_get_dst_buf	query
libdoca_rdma	doca_rdma_task_read_get_rdma_connection	connect
libdoca_rdma	doca_rdma_task_read_get_result_len	query
libdoca_rdma	doca_rdma_task_read_get_src_buf	query
libdoca_rdma	doca_rdma_task_read_set_conf	query
libdoca_rdma	doca_rdma_task_read_set_dst_buf	query
libdoca_rdma	doca_rdma_task_read_set_rdma_connection	connect
libdoca_rdma	doca_rdma_task_read_set_src_buf	query
libdoca_rdma	doca_rdma_task_receive_allocate_init	construct
libdoca_rdma	doca_rdma_task_receive_as_task	construct
libdoca_rdma	doca_rdma_task_receive_get_dst_buf	query
libdoca_rdma	doca_rdma_task_receive_get_dst_buf_list_len	query
libdoca_rdma	doca_rdma_task_receive_get_result_immediate_data	query
libdoca_rdma	doca_rdma_task_receive_get_result_len	query
libdoca_rdma	doca_rdma_task_receive_get_result_opcode	query
libdoca_rdma	doca_rdma_task_receive_get_result_rdma_connection	connect
libdoca_rdma	doca_rdma_task_receive_set_conf	query
libdoca_rdma	doca_rdma_task_receive_set_dst_buf	query
libdoca_rdma	doca_rdma_task_receive_set_dst_buf_list_len	query
libdoca_rdma	doca_rdma_task_remote_net_sync_event_get_allocate_init	construct
libdoca_rdma	doca_rdma_task_remote_net_sync_event_get_as_task	construct
libdoca_rdma	doca_rdma_task_remote_net_sync_event_get_get_dst_buf	query
libdoca_rdma	doca_rdma_task_remote_net_sync_event_get_get_rdma_connection	connect
libdoca_rdma	doca_rdma_task_remote_net_sync_event_get_get_result_len	query
libdoca_rdma	doca_rdma_task_remote_net_sync_event_get_get_sync_event	query
libdoca_rdma	doca_rdma_task_remote_net_sync_event_get_set_conf	query
libdoca_rdma	doca_rdma_task_remote_net_sync_event_get_set_dst_buf	query
libdoca_rdma	doca_rdma_task_remote_net_sync_event_get_set_rdma_connection	connect
libdoca_rdma	doca_rdma_task_remote_net_sync_event_get_set_sync_event	query
libdoca_rdma	doca_rdma_task_remote_net_sync_event_notify_add_allocate_init	construct
libdoca_rdma	doca_rdma_task_remote_net_sync_event_notify_add_as_task	construct
libdoca_rdma	doca_rdma_task_remote_net_sync_event_notify_add_get_add_data	lifecycle
libdoca_rdma	doca_rdma_task_remote_net_sync_event_notify_add_get_rdma_connection	connect
libdoca_rdma	doca_rdma_task_remote_net_sync_event_notify_add_get_result_buf	lifecycle
libdoca_rdma	doca_rdma_task_remote_net_sync_event_notify_add_get_sync_event	lifecycle
libdoca_rdma	doca_rdma_task_remote_net_sync_event_notify_add_set_add_data	lifecycle
libdoca_rdma	doca_rdma_task_remote_net_sync_event_notify_add_set_conf	lifecycle
libdoca_rdma	doca_rdma_task_remote_net_sync_event_notify_add_set_rdma_connection	connect
libdoca_rdma	doca_rdma_task_remote_net_sync_event_notify_add_set_result_buf	lifecycle
libdoca_rdma	doca_rdma_task_remote_net_sync_event_notify_add_set_sync_event	lifecycle
libdoca_rdma	doca_rdma_task_remote_net_sync_event_notify_set_allocate_init	construct
libdoca_rdma	doca_rdma_task_remote_net_sync_event_notify_set_as_task	construct
libdoca_rdma	doca_rdma_task_remote_net_sync_event_notify_set_get_rdma_connection	connect
libdoca_rdma	doca_rdma_task_remote_net_sync_event_notify_set_get_src_buf	query
libdoca_rdma	doca_rdma_task_remote_net_sync_event_notify_set_get_sync_event	query
libdoca_rdma	doca_rdma_task_remote_net_sync_event_notify_set_set_conf	query
libdoca_rdma	doca_rdma_task_remote_net_sync_event_notify_set_set_rdma_connection	connect
libdoca_rdma	doca_rdma_task_remote_net_sync_event_notify_set_set_src_buf	query
libdoca_rdma	doca_rdma_task_remote_net_sync_event_notify_set_set_sync_event	query
libdoca_rdma	doca_rdma_task_send_allocate_init	construct
libdoca_rdma	doca_rdma_task_send_as_task	construct
libdoca_rdma	doca_rdma_task_send_get_rdma_connection	connect
libdoca_rdma	doca_rdma_task_send_get_src_buf	query
libdoca_rdma	doca_rdma_task_send_imm_allocate_init	construct
libdoca_rdma	doca_rdma_task_send_imm_as_task	construct
libdoca_rdma	doca_rdma_task_send_imm_get_immediate_data	query
libdoca_rdma	doca_rdma_task_send_imm_get_rdma_connection	connect
libdoca_rdma	doca_rdma_task_send_imm_get_src_buf	query
libdoca_rdma	doca_rdma_task_send_imm_set_conf	query
libdoca_rdma	doca_rdma_task_send_imm_set_immediate_data	query
libdoca_rdma	doca_rdma_task_send_imm_set_rdma_connection	connect
libdoca_rdma	doca_rdma_task_send_imm_set_src_buf	query
libdoca_rdma	doca_rdma_task_send_set_conf	query
libdoca_rdma	doca_rdma_task_send_set_rdma_connection	connect
libdoca_rdma	doca_rdma_task_send_set_src_buf	query
libdoca_rdma	doca_rdma_task_write_allocate_init	construct
libdoca_rdma	doca_rdma_task_write_as_task	construct
libdoca_rdma	doca_rdma_task_write_get_dst_buf	query
libdoca_rdma	doca_rdma_task_write_get_rdma_connection	connect
libdoca_rdma	doca_rdma_task_write_get_src_buf	query
libdoca_rdma	doca_rdma_task_write_imm_allocate_init	construct
libdoca_rdma	doca_rdma_task_write_imm_as_task	construct
libdoca_rdma	doca_rdma_task_write_imm_get_dst_buf	query
libdoca_rdma	doca_rdma_task_write_imm_get_immediate_data	query
libdoca_rdma	doca_rdma_task_write_imm_get_rdma_connection	connect
libdoca_rdma	doca_rdma_task_write_imm_get_src_buf	query
libdoca_rdma	doca_rdma_task_write_imm_set_conf	query
libdoca_rdma	doca_rdma_task_write_imm_set_dst_buf	query
libdoca_rdma	doca_rdma_task_write_imm_set_immediate_data	query
libdoca_rdma	doca_rdma_task_write_imm_set_rdma_connection	connect
libdoca_rdma	doca_rdma_task_write_imm_set_src_buf	query
libdoca_rdma	doca_rdma_task_write_set_conf	query
libdoca_rdma	doca_rdma_task_write_set_dst_buf	query
libdoca_rdma	doca_rdma_task_write_set_rdma_connection	connect
libdoca_rdma	doca_rdma_task_write_set_src_buf	query
libdoca_rdma	priv_doca_rdma_check_connection_mtu	connect
libdoca_rdma	priv_doca_rdma_cm_accept	connect
libdoca_rdma	priv_doca_rdma_cm_connect	connect
libdoca_rdma	priv_doca_rdma_cm_establish	connect
libdoca_rdma	priv_doca_rdma_cm_export_qp_attr	connect
libdoca_rdma	priv_doca_rdma_cm_populate_client_address	connect
libdoca_rdma	priv_doca_rdma_cm_process_event	poll
libdoca_rdma	priv_doca_rdma_cm_qp_conn	connect
libdoca_rdma	priv_doca_rdma_cm_reject	connect
libdoca_rdma	priv_doca_rdma_compute_recv_buf_list_len	query
libdoca_rdma	priv_doca_rdma_compute_send_queue_size_in_wqebbs	internal
libdoca_rdma	priv_doca_rdma_conn_details_to_conn_string	query
libdoca_rdma	priv_doca_rdma_conn_string_to_conn_details	query
libdoca_rdma	priv_doca_rdma_connection_destroy	connect
libdoca_rdma	priv_doca_rdma_connection_get	connect
libdoca_rdma	priv_doca_rdma_connection_get_cqn	connect
libdoca_rdma	priv_doca_rdma_connection_get_qpn	connect
libdoca_rdma	priv_doca_rdma_connection_get_rmpn	connect
libdoca_rdma	priv_doca_rdma_connection_pool_create	connect
libdoca_rdma	priv_doca_rdma_connection_pool_destroy	connect
libdoca_rdma	priv_doca_rdma_connection_pool_globals_init	connect
libdoca_rdma	priv_doca_rdma_cq_create	lifecycle
libdoca_rdma	priv_doca_rdma_ctx_arm_cq_event	poll
libdoca_rdma	priv_doca_rdma_ctx_clear_cq_event	poll
libdoca_rdma	priv_doca_rdma_ctx_dpa_progress_running	poll
libdoca_rdma	priv_doca_rdma_ctx_dpa_progress_stopping	poll
libdoca_rdma	priv_doca_rdma_ctx_dpa_request_stop	lifecycle
libdoca_rdma	priv_doca_rdma_ctx_dpa_start	lifecycle
libdoca_rdma	priv_doca_rdma_ctx_dpa_stop	lifecycle
libdoca_rdma	priv_doca_rdma_ctx_gpu_progress_running	poll
libdoca_rdma	priv_doca_rdma_ctx_gpu_progress_stopping	poll
libdoca_rdma	priv_doca_rdma_ctx_gpu_request_stop	lifecycle
libdoca_rdma	priv_doca_rdma_ctx_gpu_start	lifecycle
libdoca_rdma	priv_doca_rdma_ctx_gpu_stop	lifecycle
libdoca_rdma	priv_doca_rdma_ctx_progress_running	poll
libdoca_rdma	priv_doca_rdma_ctx_progress_stopping	poll
libdoca_rdma	priv_doca_rdma_ctx_request_stop	lifecycle
libdoca_rdma	priv_doca_rdma_ctx_set_comp_vector	query
libdoca_rdma	priv_doca_rdma_ctx_start	lifecycle
libdoca_rdma	priv_doca_rdma_ctx_stop	lifecycle
libdoca_rdma	priv_doca_rdma_dci_connect	connect
libdoca_rdma	priv_doca_rdma_dct_create	lifecycle
libdoca_rdma	priv_doca_rdma_doca_mtu_to_uint	query
libdoca_rdma	priv_doca_rdma_dpa_flush_connection	connect
libdoca_rdma	priv_doca_rdma_dpa_post_receive	submit
libdoca_rdma	priv_doca_rdma_fill_av_seg	internal
libdoca_rdma	priv_doca_rdma_fill_dest_buf_sizes	internal
libdoca_rdma	priv_doca_rdma_get_max_message_size	capability
libdoca_rdma	priv_doca_rdma_get_max_qp_size	capability
libdoca_rdma	priv_doca_rdma_get_max_recv_data_segs	capability
libdoca_rdma	priv_doca_rdma_get_max_rq_size	capability
libdoca_rdma	priv_doca_rdma_get_max_send_data_segs	capability
libdoca_rdma	priv_doca_rdma_get_min_max_send_data_segs	query
libdoca_rdma	priv_doca_rdma_get_port_type_str	query
libdoca_rdma	priv_doca_rdma_get_recv_queue_type	query
libdoca_rdma	priv_doca_rdma_get_roce_version_str	query
libdoca_rdma	priv_doca_rdma_get_transport_type_str	query
libdoca_rdma	priv_doca_rdma_is_transport_type_dc	capability
libdoca_rdma	priv_doca_rdma_is_transport_type_supported	capability
libdoca_rdma	priv_doca_rdma_post_to_rmp	query
libdoca_rdma	priv_doca_rdma_post_to_rq	query
libdoca_rdma	priv_doca_rdma_post_wqe_for_atomic	submit
libdoca_rdma	priv_doca_rdma_post_wqe_for_read	submit
libdoca_rdma	priv_doca_rdma_post_wqe_for_send	submit
libdoca_rdma	priv_doca_rdma_post_wqe_for_write	submit
libdoca_rdma	priv_doca_rdma_post_wqe_vec_for_rdma	submit
libdoca_rdma	priv_doca_rdma_progress_one	poll
libdoca_rdma	priv_doca_rdma_progress_one_nvrd	poll
libdoca_rdma	priv_doca_rdma_qp_connect	connect
libdoca_rdma	priv_doca_rdma_qp_create	lifecycle
libdoca_rdma	priv_doca_rdma_query_caps	capability
libdoca_rdma	priv_doca_rdma_query_terminating_lkey	query
libdoca_rdma	priv_doca_rdma_reset_connection	connect
libdoca_rdma	priv_doca_rdma_set_recv_queue_type	query
libdoca_rdma	priv_doca_rdma_set_ref_time	query
libdoca_rdma	priv_doca_rdma_set_wq_ring_buf_on_host	query
libdoca_rdma	priv_doca_rdma_single_connection_create	connect
libdoca_rdma	priv_doca_rdma_single_connection_destroy	connect
libdoca_rdma	priv_doca_rdma_task_atomic_cmp_swp_complete	poll
libdoca_rdma	priv_doca_rdma_task_atomic_cmp_swp_submit	submit
libdoca_rdma	priv_doca_rdma_task_atomic_cmp_swp_validate	capability
libdoca_rdma	priv_doca_rdma_task_atomic_fetch_add_complete	poll
libdoca_rdma	priv_doca_rdma_task_atomic_fetch_add_submit	submit
libdoca_rdma	priv_doca_rdma_task_atomic_fetch_add_validate	lifecycle
libdoca_rdma	priv_doca_rdma_task_read_complete	poll
libdoca_rdma	priv_doca_rdma_task_read_submit	submit
libdoca_rdma	priv_doca_rdma_task_read_validate	capability
libdoca_rdma	priv_doca_rdma_task_receive_complete	poll
libdoca_rdma	priv_doca_rdma_task_receive_submit	submit
libdoca_rdma	priv_doca_rdma_task_receive_validate	capability
libdoca_rdma	priv_doca_rdma_task_remote_net_sync_event_get_complete	poll
libdoca_rdma	priv_doca_rdma_task_remote_net_sync_event_get_submit	submit
libdoca_rdma	priv_doca_rdma_task_remote_net_sync_event_get_validate	capability
libdoca_rdma	priv_doca_rdma_task_remote_net_sync_event_notify_add_complete	poll
libdoca_rdma	priv_doca_rdma_task_remote_net_sync_event_notify_add_submit	submit
libdoca_rdma	priv_doca_rdma_task_remote_net_sync_event_notify_add_validate	lifecycle
libdoca_rdma	priv_doca_rdma_task_remote_net_sync_event_notify_set_complete	poll
libdoca_rdma	priv_doca_rdma_task_remote_net_sync_event_notify_set_submit	submit
libdoca_rdma	priv_doca_rdma_task_remote_net_sync_event_notify_set_validate	capability
libdoca_rdma	priv_doca_rdma_task_send_complete	poll
libdoca_rdma	priv_doca_rdma_task_send_imm_complete	poll
libdoca_rdma	priv_doca_rdma_task_send_imm_submit	submit
libdoca_rdma	priv_doca_rdma_task_send_imm_validate	capability
libdoca_rdma	priv_doca_rdma_task_send_submit	submit
libdoca_rdma	priv_doca_rdma_task_send_validate	capability
libdoca_rdma	priv_doca_rdma_task_write_complete	poll
libdoca_rdma	priv_doca_rdma_task_write_imm_complete	poll
libdoca_rdma	priv_doca_rdma_task_write_imm_submit	submit
libdoca_rdma	priv_doca_rdma_task_write_imm_validate	capability
libdoca_rdma	priv_doca_rdma_task_write_submit	submit
libdoca_rdma	priv_doca_rdma_task_write_validate	capability
libdoca_rdma	priv_doca_rdma_uint_to_doca_mtu	query
libdoca_sha	doca_sha_as_ctx	query
libdoca_sha	doca_sha_cap_get_max_list_buf_num_elem	capability
libdoca_sha	doca_sha_cap_get_max_num_tasks	capability
libdoca_sha	doca_sha_cap_get_max_src_buf_size	capability
libdoca_sha	doca_sha_cap_get_min_dst_buf_size	capability
libdoca_sha	doca_sha_cap_get_partial_hash_block_size	capability
libdoca_sha	doca_sha_cap_task_hash_get_supported	capability
libdoca_sha	doca_sha_cap_task_partial_hash_get_supported	capability
libdoca_sha	doca_sha_create	lifecycle
libdoca_sha	doca_sha_destroy	lifecycle
libdoca_sha	doca_sha_task_hash_alloc_init	construct
libdoca_sha	doca_sha_task_hash_as_task	construct
libdoca_sha	doca_sha_task_hash_get_algorithm	query
libdoca_sha	doca_sha_task_hash_get_dst	query
libdoca_sha	doca_sha_task_hash_get_src	query
libdoca_sha	doca_sha_task_hash_set_algorithm	query
libdoca_sha	doca_sha_task_hash_set_conf	query
libdoca_sha	doca_sha_task_hash_set_dst	query
libdoca_sha	doca_sha_task_hash_set_src	query
libdoca_sha	doca_sha_task_partial_hash_alloc_init	construct
libdoca_sha	doca_sha_task_partial_hash_as_task	construct
libdoca_sha	doca_sha_task_partial_hash_get_algorithm	query
libdoca_sha	doca_sha_task_partial_hash_get_dst	query
libdoca_sha	doca_sha_task_partial_hash_get_has_result	query
libdoca_sha	doca_sha_task_partial_hash_get_is_final	capability
libdoca_sha	doca_sha_task_partial_hash_get_src	query
libdoca_sha	doca_sha_task_partial_hash_reset	lifecycle
libdoca_sha	doca_sha_task_partial_hash_set_algorithm	query
libdoca_sha	doca_sha_task_partial_hash_set_conf	query
libdoca_sha	doca_sha_task_partial_hash_set_dst	query
libdoca_sha	doca_sha_task_partial_hash_set_is_final_buf	query
libdoca_sha	doca_sha_task_partial_hash_set_src	query
libdoca_sha	priv_doca_sha_get_log_num_qps	query
libdoca_sha	priv_doca_sha_get_log_qp_depth	query
libdoca_sha	priv_doca_sha_set_log_num_qps	query
libdoca_sha	priv_doca_sha_set_log_qp_depth	query
libdoca_sta	doca_sta_add_dev	lifecycle
libdoca_sta	doca_sta_as_ctx	query
libdoca_sta	doca_sta_be_add_queue	lifecycle
libdoca_sta	doca_sta_be_create	lifecycle
libdoca_sta	doca_sta_be_destroy	lifecycle
libdoca_sta	doca_sta_be_destroy_queue_task_alloc_init	construct
libdoca_sta	doca_sta_be_task_destroy_queue_set_conf	lifecycle
libdoca_sta	doca_sta_cap_is_supported	capability
libdoca_sta	doca_sta_create	lifecycle
libdoca_sta	doca_sta_destroy	lifecycle
libdoca_sta	doca_sta_eu_reset_stats_handle	query
libdoca_sta	doca_sta_eu_reset_stats_type	query
libdoca_sta	doca_sta_event_be_timeout_get_be_handle	query
libdoca_sta	doca_sta_event_be_timeout_get_be_queue_handle	query
libdoca_sta	doca_sta_event_be_timeout_register_cb	lifecycle
libdoca_sta	doca_sta_event_eu_err_get_eu_handle	query
libdoca_sta	doca_sta_event_eu_err_is_fatal_error	capability
libdoca_sta	doca_sta_event_eu_err_register_cb	lifecycle
libdoca_sta	doca_sta_event_transport_err_get_operation	query
libdoca_sta	doca_sta_event_transport_err_get_qp_handle	query
libdoca_sta	doca_sta_event_transport_err_get_syndrome	query
libdoca_sta	doca_sta_event_transport_err_get_vendor_syndrome	query
libdoca_sta	doca_sta_get_be_queue_stats	query
libdoca_sta	doca_sta_get_eu_connect_qp_stats	connect
libdoca_sta	doca_sta_get_eu_handle	query
libdoca_sta	doca_sta_get_eu_id	query
libdoca_sta	doca_sta_get_eu_name	query
libdoca_sta	doca_sta_get_eu_port	query
libdoca_sta	doca_sta_get_eu_stats	query
libdoca_sta	doca_sta_get_eu_type	query
libdoca_sta	doca_sta_get_max_be	capability
libdoca_sta	doca_sta_get_max_devs	capability
libdoca_sta	doca_sta_get_max_icdoff	capability
libdoca_sta	doca_sta_get_max_io_num_per_dev	capability
libdoca_sta	doca_sta_get_max_io_queue_size	capability
libdoca_sta	doca_sta_get_max_io_size	capability
libdoca_sta	doca_sta_get_max_io_threads	capability
libdoca_sta	doca_sta_get_max_ioccsz	capability
libdoca_sta	doca_sta_get_max_iorcsz	capability
libdoca_sta	doca_sta_get_max_ns_per_subs	capability
libdoca_sta	doca_sta_get_max_num_connected_qp_per_eu	connect
libdoca_sta	doca_sta_get_max_num_eus_available	capability
libdoca_sta	doca_sta_get_max_qps	capability
libdoca_sta	doca_sta_get_max_qs_per_be	capability
libdoca_sta	doca_sta_get_max_sta_io	capability
libdoca_sta	doca_sta_get_max_subsys	capability
libdoca_sta	doca_sta_get_min_ioccsz	query
libdoca_sta	doca_sta_get_min_iorcsz	query
libdoca_sta	doca_sta_get_ns_stats	query
libdoca_sta	doca_sta_io_as_ctx	query
libdoca_sta	doca_sta_io_create	lifecycle
libdoca_sta	doca_sta_io_destroy	lifecycle
libdoca_sta	doca_sta_io_event_transport_err_register_cb	lifecycle
libdoca_sta	doca_sta_io_non_offload_register_cb	lifecycle
libdoca_sta	doca_sta_io_qp_accept	connect
libdoca_sta	doca_sta_io_qp_add_subsystem	lifecycle
libdoca_sta	doca_sta_io_qp_alloc	lifecycle
libdoca_sta	doca_sta_io_qp_connect	connect
libdoca_sta	doca_sta_io_qp_connect_established	connect
libdoca_sta	doca_sta_io_qp_connect_set_sq_size	connect
libdoca_sta	doca_sta_io_qp_destroy	lifecycle
libdoca_sta	doca_sta_io_qp_get_group_id	query
libdoca_sta	doca_sta_io_qp_get_id	query
libdoca_sta	doca_sta_io_qp_get_index_in_group	query
libdoca_sta	doca_sta_io_qp_get_port_id	query
libdoca_sta	doca_sta_io_task_disconnect_alloc_init	construct
libdoca_sta	doca_sta_io_task_disconnect_set_conf	connect
libdoca_sta	doca_sta_io_task_non_offload_rdma_read_alloc_init	construct
libdoca_sta	doca_sta_io_task_non_offload_rdma_send_alloc_init	construct
libdoca_sta	doca_sta_io_task_non_offload_rdma_write_send_alloc_init	construct
libdoca_sta	doca_sta_io_task_non_offload_set_rdma_read_conf	query
libdoca_sta	doca_sta_io_task_non_offload_set_rdma_write_send_conf	query
libdoca_sta	doca_sta_is_logical_block_size_supported	capability
libdoca_sta	doca_sta_mem_allocator_register	lifecycle
libdoca_sta	doca_sta_producer_send_task_as_task	construct
libdoca_sta	doca_sta_set_max_sta_io	query
libdoca_sta	doca_sta_subsystem_add_dev	lifecycle
libdoca_sta	doca_sta_subsystem_add_ns	lifecycle
libdoca_sta	doca_sta_subsystem_create	lifecycle
libdoca_sta	doca_sta_subsystem_destroy	lifecycle
libdoca_sta	doca_sta_subsystem_rm_ns	lifecycle
libdoca_sta	doca_sta_subsystem_task_rm_ns_alloc_init	construct
libdoca_sta	doca_sta_subsystem_task_rm_ns_set_conf	query
libdoca_telemetry	doca_telemetry_diag_apply_config	lifecycle
libdoca_telemetry	doca_telemetry_diag_apply_counters_list_by_id	lifecycle
libdoca_telemetry	doca_telemetry_diag_cap_get_log_max_num_samples	capability
libdoca_telemetry	doca_telemetry_diag_cap_get_max_num_data_ids	capability
libdoca_telemetry	doca_telemetry_diag_cap_is_data_clear_supported	capability
libdoca_telemetry	doca_telemetry_diag_cap_is_data_timestamp_source_supported	capability
libdoca_telemetry	doca_telemetry_diag_cap_is_sample_mode_supported	capability
libdoca_telemetry	doca_telemetry_diag_cap_is_supported	capability
libdoca_telemetry	doca_telemetry_diag_cap_is_sync_start_supported	lifecycle
libdoca_telemetry	doca_telemetry_diag_check_data_id	query
libdoca_telemetry	doca_telemetry_diag_create	lifecycle
libdoca_telemetry	doca_telemetry_diag_destroy	lifecycle
libdoca_telemetry	doca_telemetry_diag_get_applied_counters_list_by_id	query
libdoca_telemetry	doca_telemetry_diag_get_data_clear	query
libdoca_telemetry	doca_telemetry_diag_get_data_timestamp_source	query
libdoca_telemetry	doca_telemetry_diag_get_log_max_num_samples	query
libdoca_telemetry	doca_telemetry_diag_get_max_num_data_ids	capability
libdoca_telemetry	doca_telemetry_diag_get_num_applied_counters	query
libdoca_telemetry	doca_telemetry_diag_get_output_format	query
libdoca_telemetry	doca_telemetry_diag_get_sample_mode	query
libdoca_telemetry	doca_telemetry_diag_get_sample_period	query
libdoca_telemetry	doca_telemetry_diag_get_sample_size	query
libdoca_telemetry	doca_telemetry_diag_get_sync_mode	query
libdoca_telemetry	doca_telemetry_diag_query_counters	query
libdoca_telemetry	doca_telemetry_diag_restart	lifecycle
libdoca_telemetry	doca_telemetry_diag_set_data_clear	query
libdoca_telemetry	doca_telemetry_diag_set_data_timestamp_source	query
libdoca_telemetry	doca_telemetry_diag_set_log_max_num_samples	query
libdoca_telemetry	doca_telemetry_diag_set_max_num_data_ids	query
libdoca_telemetry	doca_telemetry_diag_set_output_format	query
libdoca_telemetry	doca_telemetry_diag_set_sample_mode	query
libdoca_telemetry	doca_telemetry_diag_set_sample_period	query
libdoca_telemetry	doca_telemetry_diag_set_sync_mode	query
libdoca_telemetry	doca_telemetry_diag_start	lifecycle
libdoca_telemetry	doca_telemetry_diag_stop	lifecycle
libdoca_telemetry	doca_telemetry_dpa_cap_is_supported	capability
libdoca_telemetry	doca_telemetry_dpa_counter_restart	lifecycle
libdoca_telemetry	doca_telemetry_dpa_counter_start	lifecycle
libdoca_telemetry	doca_telemetry_dpa_counter_stop	lifecycle
libdoca_telemetry	doca_telemetry_dpa_create	lifecycle
libdoca_telemetry	doca_telemetry_dpa_destroy	lifecycle
libdoca_telemetry	doca_telemetry_dpa_get_all_process_id	query
libdoca_telemetry	doca_telemetry_dpa_get_all_thread_id	query
libdoca_telemetry	doca_telemetry_dpa_get_counter_state	query
libdoca_telemetry	doca_telemetry_dpa_get_counter_type	query
libdoca_telemetry	doca_telemetry_dpa_get_cumul_samples_size	query
libdoca_telemetry	doca_telemetry_dpa_get_dpa_timer_freq	query
libdoca_telemetry	doca_telemetry_dpa_get_max_perf_event_samples	capability
libdoca_telemetry	doca_telemetry_dpa_get_perf_event_samples_size	query
libdoca_telemetry	doca_telemetry_dpa_get_process_list_size	query
libdoca_telemetry	doca_telemetry_dpa_get_thread_list_size	query
libdoca_telemetry	doca_telemetry_dpa_read_cumul_info_list	query
libdoca_telemetry	doca_telemetry_dpa_read_perf_event_list	query
libdoca_telemetry	doca_telemetry_dpa_read_processes_list	query
libdoca_telemetry	doca_telemetry_dpa_read_thread_list	query
libdoca_telemetry	doca_telemetry_dpa_set_max_perf_event_samples	query
libdoca_telemetry	doca_telemetry_dpa_start	lifecycle
libdoca_telemetry	doca_telemetry_dpa_stop	lifecycle
libdoca_telemetry	doca_telemetry_pcc_cap_get_max_algo_info_len	capability
libdoca_telemetry	doca_telemetry_pcc_cap_get_max_algo_slots	capability
libdoca_telemetry	doca_telemetry_pcc_cap_get_max_counter_info_len	capability
libdoca_telemetry	doca_telemetry_pcc_cap_get_max_num_counters	capability
libdoca_telemetry	doca_telemetry_pcc_cap_is_supported	capability
libdoca_telemetry	doca_telemetry_pcc_create	lifecycle
libdoca_telemetry	doca_telemetry_pcc_destroy	lifecycle
libdoca_telemetry	doca_telemetry_pcc_get_algo_enable_status	query
libdoca_telemetry	doca_telemetry_pcc_get_algo_id	query
libdoca_telemetry	doca_telemetry_pcc_get_algo_info	query
libdoca_telemetry	doca_telemetry_pcc_get_algo_major_version	query
libdoca_telemetry	doca_telemetry_pcc_get_algo_minor_version	query
libdoca_telemetry	doca_telemetry_pcc_get_and_clear_counters	query
libdoca_telemetry	doca_telemetry_pcc_get_counter_info	query
libdoca_telemetry	doca_telemetry_pcc_get_counters	query
libdoca_telemetry	doca_telemetry_pcc_get_num_counters	query
libdoca_telemetry	doca_telemetry_pcc_start	lifecycle
libdoca_telemetry	doca_telemetry_pcc_stop	lifecycle
libdoca_telemetry_exporter	doca_telemetry_exporter_check_ipc_status	connect
libdoca_telemetry_exporter	doca_telemetry_exporter_field_create	connect
libdoca_telemetry_exporter	doca_telemetry_exporter_field_destroy	connect
libdoca_telemetry_exporter	doca_telemetry_exporter_field_set_array_len	connect
libdoca_telemetry_exporter	doca_telemetry_exporter_field_set_description	connect
libdoca_telemetry_exporter	doca_telemetry_exporter_field_set_name	connect
libdoca_telemetry_exporter	doca_telemetry_exporter_field_set_type_name	connect
libdoca_telemetry_exporter	doca_telemetry_exporter_get_timestamp	connect
libdoca_telemetry_exporter	doca_telemetry_exporter_netflow_destroy	connect
libdoca_telemetry_exporter	doca_telemetry_exporter_netflow_field_create	connect
libdoca_telemetry_exporter	doca_telemetry_exporter_netflow_field_destroy	connect
libdoca_telemetry_exporter	doca_telemetry_exporter_netflow_field_set_len	connect
libdoca_telemetry_exporter	doca_telemetry_exporter_netflow_field_set_type	connect
libdoca_telemetry_exporter	doca_telemetry_exporter_netflow_flush	connect
libdoca_telemetry_exporter	doca_telemetry_exporter_netflow_get_buf_data_root	connect
libdoca_telemetry_exporter	doca_telemetry_exporter_netflow_get_buf_size	connect
libdoca_telemetry_exporter	doca_telemetry_exporter_netflow_get_file_write_max_age	connect
libdoca_telemetry_exporter	doca_telemetry_exporter_netflow_get_file_write_max_size	connect
libdoca_telemetry_exporter	doca_telemetry_exporter_netflow_get_ipc_sockets_dir	connect
libdoca_telemetry_exporter	doca_telemetry_exporter_netflow_init	connect
libdoca_telemetry_exporter	doca_telemetry_exporter_netflow_send	connect
libdoca_telemetry_exporter	doca_telemetry_exporter_netflow_set_buf_data_root	connect
libdoca_telemetry_exporter	doca_telemetry_exporter_netflow_set_buf_size	connect
libdoca_telemetry_exporter	doca_telemetry_exporter_netflow_set_collector_addr	connect
libdoca_telemetry_exporter	doca_telemetry_exporter_netflow_set_collector_port	connect
libdoca_telemetry_exporter	doca_telemetry_exporter_netflow_set_file_write_enabled	connect
libdoca_telemetry_exporter	doca_telemetry_exporter_netflow_set_file_write_max_age	connect
libdoca_telemetry_exporter	doca_telemetry_exporter_netflow_set_file_write_max_size	connect
libdoca_telemetry_exporter	doca_telemetry_exporter_netflow_set_ipc_enabled	connect
libdoca_telemetry_exporter	doca_telemetry_exporter_netflow_set_ipc_sockets_dir	connect
libdoca_telemetry_exporter	doca_telemetry_exporter_netflow_set_max_packet_size	connect
libdoca_telemetry_exporter	doca_telemetry_exporter_netflow_source_set_id	connect
libdoca_telemetry_exporter	doca_telemetry_exporter_netflow_source_set_tag	connect
libdoca_telemetry_exporter	doca_telemetry_exporter_netflow_start	connect
libdoca_telemetry_exporter	doca_telemetry_exporter_netflow_template_add_field	connect
libdoca_telemetry_exporter	doca_telemetry_exporter_netflow_template_create	connect
libdoca_telemetry_exporter	doca_telemetry_exporter_netflow_template_destroy	connect
libdoca_telemetry_exporter	doca_telemetry_exporter_schema_add_type	connect
libdoca_telemetry_exporter	doca_telemetry_exporter_schema_destroy	connect
libdoca_telemetry_exporter	doca_telemetry_exporter_schema_get_buf_data_root	connect
libdoca_telemetry_exporter	doca_telemetry_exporter_schema_get_buf_size	connect
libdoca_telemetry_exporter	doca_telemetry_exporter_schema_get_file_write_max_age	connect
libdoca_telemetry_exporter	doca_telemetry_exporter_schema_get_file_write_max_size	connect
libdoca_telemetry_exporter	doca_telemetry_exporter_schema_get_ipc_reconnect_time	connect
libdoca_telemetry_exporter	doca_telemetry_exporter_schema_get_ipc_reconnect_tries	connect
libdoca_telemetry_exporter	doca_telemetry_exporter_schema_get_ipc_socket_timeout	connect
libdoca_telemetry_exporter	doca_telemetry_exporter_schema_get_ipc_sockets_dir	connect
libdoca_telemetry_exporter	doca_telemetry_exporter_schema_init	connect
libdoca_telemetry_exporter	doca_telemetry_exporter_schema_set_buf_data_root	connect
libdoca_telemetry_exporter	doca_telemetry_exporter_schema_set_buf_size	connect
libdoca_telemetry_exporter	doca_telemetry_exporter_schema_set_file_write_enabled	connect
libdoca_telemetry_exporter	doca_telemetry_exporter_schema_set_file_write_max_age	connect
libdoca_telemetry_exporter	doca_telemetry_exporter_schema_set_file_write_max_size	connect
libdoca_telemetry_exporter	doca_telemetry_exporter_schema_set_ipc_enabled	connect
libdoca_telemetry_exporter	doca_telemetry_exporter_schema_set_ipc_reconnect_time	connect
libdoca_telemetry_exporter	doca_telemetry_exporter_schema_set_ipc_reconnect_tries	connect
libdoca_telemetry_exporter	doca_telemetry_exporter_schema_set_ipc_socket_timeout	connect
libdoca_telemetry_exporter	doca_telemetry_exporter_schema_set_ipc_sockets_dir	connect
libdoca_telemetry_exporter	doca_telemetry_exporter_schema_set_opaque_events_enabled	connect
libdoca_telemetry_exporter	doca_telemetry_exporter_schema_start	connect
libdoca_telemetry_exporter	doca_telemetry_exporter_source_create	connect
libdoca_telemetry_exporter	doca_telemetry_exporter_source_destroy	connect
libdoca_telemetry_exporter	doca_telemetry_exporter_source_flush	connect
libdoca_telemetry_exporter	doca_telemetry_exporter_source_get_opaque_report_max_data_size	connect
libdoca_telemetry_exporter	doca_telemetry_exporter_source_opaque_report	connect
libdoca_telemetry_exporter	doca_telemetry_exporter_source_report	connect
libdoca_telemetry_exporter	doca_telemetry_exporter_source_set_id	connect
libdoca_telemetry_exporter	doca_telemetry_exporter_source_set_tag	connect
libdoca_telemetry_exporter	doca_telemetry_exporter_source_start	connect
libdoca_telemetry_exporter	doca_telemetry_exporter_type_add_field	connect
libdoca_telemetry_exporter	doca_telemetry_exporter_type_create	connect
libdoca_telemetry_exporter	doca_telemetry_exporter_type_destroy	connect
libdoca_urom	doca_urom_domain_add_buffer	lifecycle
libdoca_urom	doca_urom_domain_as_ctx	query
libdoca_urom	doca_urom_domain_create	lifecycle
libdoca_urom	doca_urom_domain_destroy	lifecycle
libdoca_urom	doca_urom_domain_set_buffers_count	query
libdoca_urom	doca_urom_domain_set_oob	query
libdoca_urom	doca_urom_domain_set_workers	query
libdoca_urom	doca_urom_service_as_ctx	query
libdoca_urom	doca_urom_service_create	lifecycle
libdoca_urom	doca_urom_service_destroy	lifecycle
libdoca_urom	doca_urom_service_get_cpuset	query
libdoca_urom	doca_urom_service_get_plugins_list	query
libdoca_urom	doca_urom_service_get_workers_by_gid_task_allocate	construct
libdoca_urom	doca_urom_service_get_workers_by_gid_task_allocate_init	construct
libdoca_urom	doca_urom_service_get_workers_by_gid_task_as_task	construct
libdoca_urom	doca_urom_service_get_workers_by_gid_task_get_worker_ids	query
libdoca_urom	doca_urom_service_get_workers_by_gid_task_get_workers_count	query
libdoca_urom	doca_urom_service_get_workers_by_gid_task_release	lifecycle
libdoca_urom	doca_urom_service_get_workers_by_gid_task_set_cb	query
libdoca_urom	doca_urom_service_get_workers_by_gid_task_set_gid	query
libdoca_urom	doca_urom_service_set_dev	query
libdoca_urom	doca_urom_service_set_max_comm_msg_size	query
libdoca_urom	doca_urom_service_set_max_workers	query
libdoca_urom	doca_urom_worker_as_ctx	query
libdoca_urom	doca_urom_worker_cmd_task_allocate	construct
libdoca_urom	doca_urom_worker_cmd_task_allocate_init	construct
libdoca_urom	doca_urom_worker_cmd_task_as_task	construct
libdoca_urom	doca_urom_worker_cmd_task_get_payload	query
libdoca_urom	doca_urom_worker_cmd_task_get_response	query
libdoca_urom	doca_urom_worker_cmd_task_get_user_data	query
libdoca_urom	doca_urom_worker_cmd_task_release	lifecycle
libdoca_urom	doca_urom_worker_cmd_task_set_cb	query
libdoca_urom	doca_urom_worker_cmd_task_set_plugin	query
libdoca_urom	doca_urom_worker_create	lifecycle
libdoca_urom	doca_urom_worker_destroy	lifecycle
libdoca_urom	doca_urom_worker_get_gid	query
libdoca_urom	doca_urom_worker_get_id	query
libdoca_urom	doca_urom_worker_set_cpuset	query
libdoca_urom	doca_urom_worker_set_env	query
libdoca_urom	doca_urom_worker_set_gid	query
libdoca_urom	doca_urom_worker_set_id	query
libdoca_urom	doca_urom_worker_set_max_inflight_tasks	query
libdoca_urom	doca_urom_worker_set_plugins	query
libdoca_urom	doca_urom_worker_set_service	query
libdoca_urom	priv_doca_urom_comm_finalize	connect
libdoca_urom	priv_doca_urom_comm_init	lifecycle
libdoca_urom	priv_doca_urom_constructor	lifecycle
libdoca_urom	priv_doca_urom_destructor	lifecycle
libdoca_urom	priv_doca_urom_get_global_config	query
libdoca_urom	priv_doca_urom_global_opts_get_addr_service	query
libdoca_urom	priv_doca_urom_global_opts_get_comm_channel_type	query
libdoca_urom	priv_doca_urom_global_opts_get_comm_comp_choice	query
libdoca_urom_components_comm_ucp_am	priv_doca_urom_get_comm_ucp_am	query
libdoca_urom_components_comm_ucp_rma	priv_doca_urom_get_comm_ucp_rma	query
libflexio	flexio_allow_other_vhca_access_prm_cmd	internal
libflexio	flexio_app_create	lifecycle
libflexio	flexio_app_destroy	lifecycle
libflexio	flexio_app_get	query
libflexio	flexio_app_get_elf	query
libflexio	flexio_app_get_elf_size	query
libflexio	flexio_app_get_list	query
libflexio	flexio_app_get_name	query
libflexio	flexio_app_hw_model_register	lifecycle
libflexio	flexio_app_list_free	lifecycle
libflexio	flexio_buf_dev_alloc	lifecycle
libflexio	flexio_buf_dev_free	lifecycle
libflexio	flexio_buf_dev_memset	memory
libflexio	flexio_cmdq_create	lifecycle
libflexio	flexio_cmdq_destroy	lifecycle
libflexio	flexio_cmdq_is_empty	capability
libflexio	flexio_cmdq_state_running	internal
libflexio	flexio_cmdq_task_add	lifecycle
libflexio	flexio_copy_from_host	internal
libflexio	flexio_coredump_create	lifecycle
libflexio	flexio_coredump_create_mrsize	lifecycle
libflexio	flexio_cq_create	lifecycle
libflexio	flexio_cq_destroy	lifecycle
libflexio	flexio_cq_get_cq_num	query
libflexio	flexio_cq_get_obj	query
libflexio	flexio_cq_modify_moderation	lifecycle
libflexio	flexio_cq_query_moderation	query
libflexio	flexio_crash_data	internal
libflexio	flexio_create_prm_alias	lifecycle
libflexio	flexio_create_prm_cq	lifecycle
libflexio	flexio_create_prm_dpa_eq	lifecycle
libflexio	flexio_create_prm_dpa_uar	lifecycle
libflexio	flexio_create_prm_heap_mem	lifecycle
libflexio	flexio_create_prm_mkey	lifecycle
libflexio	flexio_create_prm_outbox	lifecycle
libflexio	flexio_create_prm_process	lifecycle
libflexio	flexio_create_prm_process_coredump	lifecycle
libflexio	flexio_create_prm_qp	lifecycle
libflexio	flexio_create_prm_rmp	lifecycle
libflexio	flexio_create_prm_rq	lifecycle
libflexio	flexio_create_prm_sq	lifecycle
libflexio	flexio_create_prm_thread	lifecycle
libflexio	flexio_create_prm_tir	lifecycle
libflexio	flexio_create_prm_tis	lifecycle
libflexio	flexio_create_prm_transport_domain	lifecycle
libflexio	flexio_create_prm_window	lifecycle
libflexio	flexio_dev_event_handler_wrapper	internal
libflexio	flexio_device_mkey_create	lifecycle
libflexio	flexio_device_mkey_destroy	lifecycle
libflexio	flexio_err_handler_fd	internal
libflexio	flexio_err_status_get	query
libflexio	flexio_event_handler_create	lifecycle
libflexio	flexio_event_handler_destroy	lifecycle
libflexio	flexio_event_handler_get_activation_id	query
libflexio	flexio_event_handler_get_id	query
libflexio	flexio_event_handler_get_obj_id	query
libflexio	flexio_event_handler_get_thread	query
libflexio	flexio_event_handler_get_thread_obj	query
libflexio	flexio_event_handler_run	internal
libflexio	flexio_func_get_register_info	lifecycle
libflexio	flexio_func_pup_register	lifecycle
libflexio	flexio_func_register	lifecycle
libflexio	flexio_host2dev_memcpy	memory
libflexio	flexio_hw_async_rpc_dispatcher	internal
libflexio	flexio_hw_async_rpc_worker	internal
libflexio	flexio_hw_model_id_get	query
libflexio	flexio_hw_rpc	internal
libflexio	flexio_log_dev_destroy	lifecycle
libflexio	flexio_log_dev_flush	internal
libflexio	flexio_log_dev_init	lifecycle
libflexio	flexio_log_lvl_set	query
libflexio	flexio_memcpy	memory
libflexio	flexio_mkey_get_id	query
libflexio	flexio_modify_prm_cq_moderation	lifecycle
libflexio	flexio_modify_prm_process	lifecycle
libflexio	flexio_modify_prm_thread	lifecycle
libflexio	flexio_msg_stream_create	lifecycle
libflexio	flexio_msg_stream_destroy	lifecycle
libflexio	flexio_msg_stream_flush	internal
libflexio	flexio_msg_stream_get_id	query
libflexio	flexio_msg_stream_level_set	query
libflexio	flexio_msg_stream_qp_numbers_get	query
libflexio	flexio_mutex_init	lifecycle
libflexio	flexio_outbox_create	lifecycle
libflexio	flexio_outbox_destroy	lifecycle
libflexio	flexio_outbox_get_id	query
libflexio	flexio_outbox_get_uar	query
libflexio	flexio_print	query
libflexio	flexio_process_call	internal
libflexio	flexio_process_create	lifecycle
libflexio	flexio_process_destroy	lifecycle
libflexio	flexio_process_error_handler_set	query
libflexio	flexio_process_get_dumem_id	query
libflexio	flexio_process_get_pd	query
libflexio	flexio_process_get_uar	query
libflexio	flexio_process_mem_info_get	query
libflexio	flexio_process_udbg_token_get	query
libflexio	flexio_qp_create	lifecycle
libflexio	flexio_qp_destroy	lifecycle
libflexio	flexio_qp_get_qp_num	query
libflexio	flexio_qp_modify	lifecycle
libflexio	flexio_qp_state_get	query
libflexio	flexio_query_pdn	query
libflexio	flexio_query_prm_cq_moderation	query
libflexio	flexio_query_prm_hca_caps	capability
libflexio	flexio_query_prm_heap_mem	query
libflexio	flexio_query_prm_mkey	query
libflexio	flexio_query_prm_process	query
libflexio	flexio_query_prm_process_status	query
libflexio	flexio_query_prm_process_udbg_token	query
libflexio	flexio_query_prm_qp	query
libflexio	flexio_query_prm_thread_interrupt_id	query
libflexio	flexio_query_prm_thread_op_state	query
libflexio	flexio_recoverable_buf_dev_alloc	lifecycle
libflexio	flexio_resources_create	lifecycle
libflexio	flexio_resources_destroy	lifecycle
libflexio	flexio_resources_get_app_name	query
libflexio	flexio_resources_get_eugs	query
libflexio	flexio_resources_get_eugs_num	query
libflexio	flexio_resources_get_eus	query
libflexio	flexio_resources_get_eus_num	query
libflexio	flexio_rmp_create	lifecycle
libflexio	flexio_rmp_destroy	lifecycle
libflexio	flexio_rmp_get_wq_num	query
libflexio	flexio_rq_create	lifecycle
libflexio	flexio_rq_create_cross_dev	lifecycle
libflexio	flexio_rq_destroy	lifecycle
libflexio	flexio_rq_get_object	query
libflexio	flexio_rq_get_tir	query
libflexio	flexio_rq_get_wq_num	query
libflexio	flexio_rq_set_err_state	query
libflexio	flexio_set_prm_obj_to_process	query
libflexio	flexio_set_prm_qp_2err	query
libflexio	flexio_set_prm_qp_2rst	query
libflexio	flexio_set_prm_qp_init2rtr	query
libflexio	flexio_set_prm_qp_rst2init	query
libflexio	flexio_set_prm_qp_rtr2rts	query
libflexio	flexio_set_prm_rq_rdy2err	query
libflexio	flexio_set_prm_rq_rst2rdy	query
libflexio	flexio_set_prm_sq_rdy2err	query
libflexio	flexio_set_prm_sq_rst2rdy	query
libflexio	flexio_sq_create	lifecycle
libflexio	flexio_sq_create_cross_dev	lifecycle
libflexio	flexio_sq_destroy	lifecycle
libflexio	flexio_sq_get_wq_num	query
libflexio	flexio_sq_tis_create	lifecycle
libflexio	flexio_sq_tis_destroy	lifecycle
libflexio	flexio_thread_destroy	lifecycle
libflexio	flexio_transport_domain_create	lifecycle
libflexio	flexio_transport_domain_destroy	lifecycle
libflexio	flexio_uar_create	lifecycle
libflexio	flexio_uar_destroy	lifecycle
libflexio	flexio_uar_extend	internal
libflexio	flexio_uar_get_extended_id	query
libflexio	flexio_uar_get_id	query
libflexio	flexio_version_set	query
libflexio	flexio_window_create	lifecycle
libflexio	flexio_window_destroy	lifecycle
libflexio	flexio_window_get_id	query
libibverbs	__ioctl_final_num_attrs	internal
libibverbs	__verbs_log	internal
libibverbs	_ibv_query_gid_ex	internal
libibverbs	_ibv_query_gid_table	internal
libibverbs	_verbs_init_and_alloc_context	internal
libibverbs	execute_ioctl	internal
libibverbs	ibv_ack_async_event	poll
libibverbs	ibv_ack_cq_events	poll
libibverbs	ibv_alloc_pd	lifecycle
libibverbs	ibv_attach_mcast	lifecycle
libibverbs	ibv_close_device	lifecycle
libibverbs	ibv_cmd_advise_mr	memory
libibverbs	ibv_cmd_alloc_dm	lifecycle
libibverbs	ibv_cmd_alloc_mw	lifecycle
libibverbs	ibv_cmd_alloc_pd	lifecycle
libibverbs	ibv_cmd_attach_mcast	lifecycle
libibverbs	ibv_cmd_close_xrcd	lifecycle
libibverbs	ibv_cmd_create_ah	lifecycle
libibverbs	ibv_cmd_create_counters	lifecycle
libibverbs	ibv_cmd_create_cq	lifecycle
libibverbs	ibv_cmd_create_cq_ex	lifecycle
libibverbs	ibv_cmd_create_cq_ex2	lifecycle
libibverbs	ibv_cmd_create_flow	lifecycle
libibverbs	ibv_cmd_create_flow_action_esp	lifecycle
libibverbs	ibv_cmd_create_qp	lifecycle
libibverbs	ibv_cmd_create_qp_ex	lifecycle
libibverbs	ibv_cmd_create_qp_ex2	lifecycle
libibverbs	ibv_cmd_create_rwq_ind_table	lifecycle
libibverbs	ibv_cmd_create_srq	lifecycle
libibverbs	ibv_cmd_create_srq_ex	lifecycle
libibverbs	ibv_cmd_create_wq	lifecycle
libibverbs	ibv_cmd_dealloc_mw	lifecycle
libibverbs	ibv_cmd_dealloc_pd	lifecycle
libibverbs	ibv_cmd_dereg_mr	memory
libibverbs	ibv_cmd_destroy_ah	lifecycle
libibverbs	ibv_cmd_destroy_counters	lifecycle
libibverbs	ibv_cmd_destroy_cq	lifecycle
libibverbs	ibv_cmd_destroy_flow	lifecycle
libibverbs	ibv_cmd_destroy_flow_action	lifecycle
libibverbs	ibv_cmd_destroy_qp	lifecycle
libibverbs	ibv_cmd_destroy_rwq_ind_table	lifecycle
libibverbs	ibv_cmd_destroy_srq	lifecycle
libibverbs	ibv_cmd_destroy_wq	lifecycle
libibverbs	ibv_cmd_detach_mcast	lifecycle
libibverbs	ibv_cmd_free_dm	lifecycle
libibverbs	ibv_cmd_get_context	query
libibverbs	ibv_cmd_modify_cq	lifecycle
libibverbs	ibv_cmd_modify_flow_action_esp	lifecycle
libibverbs	ibv_cmd_modify_qp	lifecycle
libibverbs	ibv_cmd_modify_qp_ex	lifecycle
libibverbs	ibv_cmd_modify_srq	lifecycle
libibverbs	ibv_cmd_modify_wq	lifecycle
libibverbs	ibv_cmd_open_qp	lifecycle
libibverbs	ibv_cmd_open_xrcd	lifecycle
libibverbs	ibv_cmd_poll_cq	poll
libibverbs	ibv_cmd_post_recv	submit
libibverbs	ibv_cmd_post_send	submit
libibverbs	ibv_cmd_post_srq_recv	submit
libibverbs	ibv_cmd_query_context	query
libibverbs	ibv_cmd_query_device_any	query
libibverbs	ibv_cmd_query_mr	query
libibverbs	ibv_cmd_query_port	query
libibverbs	ibv_cmd_query_qp	query
libibverbs	ibv_cmd_query_srq	query
libibverbs	ibv_cmd_read_counters	query
libibverbs	ibv_cmd_reg_dm_mr	lifecycle
libibverbs	ibv_cmd_reg_dmabuf_mr	lifecycle
libibverbs	ibv_cmd_reg_mr	memory
libibverbs	ibv_cmd_req_notify_cq	poll
libibverbs	ibv_cmd_rereg_mr	memory
libibverbs	ibv_cmd_resize_cq	lifecycle
libibverbs	ibv_copy_ah_attr_from_kern	query
libibverbs	ibv_copy_path_rec_from_kern	query
libibverbs	ibv_copy_path_rec_to_kern	query
libibverbs	ibv_copy_qp_attr_from_kern	query
libibverbs	ibv_create_ah	lifecycle
libibverbs	ibv_create_ah_from_wc	lifecycle
libibverbs	ibv_create_comp_channel	lifecycle
libibverbs	ibv_create_cq	lifecycle
libibverbs	ibv_create_qp	lifecycle
libibverbs	ibv_create_srq	lifecycle
libibverbs	ibv_dealloc_pd	lifecycle
libibverbs	ibv_dereg_mr	memory
libibverbs	ibv_destroy_ah	lifecycle
libibverbs	ibv_destroy_comp_channel	lifecycle
libibverbs	ibv_destroy_cq	lifecycle
libibverbs	ibv_destroy_qp	lifecycle
libibverbs	ibv_destroy_srq	lifecycle
libibverbs	ibv_detach_mcast	lifecycle
libibverbs	ibv_dofork_range	query
libibverbs	ibv_dontfork_range	query
libibverbs	ibv_event_type_str	query
libibverbs	ibv_fork_init	lifecycle
libibverbs	ibv_free_device_list	lifecycle
libibverbs	ibv_get_async_event	query
libibverbs	ibv_get_cq_event	query
libibverbs	ibv_get_device_guid	query
libibverbs	ibv_get_device_index	query
libibverbs	ibv_get_device_list	query
libibverbs	ibv_get_device_name	query
libibverbs	ibv_get_pkey_index	query
libibverbs	ibv_get_sysfs_path	query
libibverbs	ibv_import_device	connect
libibverbs	ibv_import_dm	connect
libibverbs	ibv_import_mr	connect
libibverbs	ibv_import_pd	connect
libibverbs	ibv_init_ah_from_wc	lifecycle
libibverbs	ibv_is_fork_initialized	capability
libibverbs	ibv_modify_qp	lifecycle
libibverbs	ibv_modify_srq	lifecycle
libibverbs	ibv_node_type_str	query
libibverbs	ibv_open_device	lifecycle
libibverbs	ibv_port_state_str	query
libibverbs	ibv_qp_to_qp_ex	query
libibverbs	ibv_query_device	query
libibverbs	ibv_query_ece	query
libibverbs	ibv_query_gid	query
libibverbs	ibv_query_gid_type	query
libibverbs	ibv_query_pkey	query
libibverbs	ibv_query_port	query
libibverbs	ibv_query_qp	query
libibverbs	ibv_query_qp_data_in_order	query
libibverbs	ibv_query_srq	query
libibverbs	ibv_rate_to_mbps	query
libibverbs	ibv_rate_to_mult	query
libibverbs	ibv_read_ibdev_sysfs_file	query
libibverbs	ibv_read_sysfs_file	query
libibverbs	ibv_reg_dmabuf_mr	lifecycle
libibverbs	ibv_reg_mr	memory
libibverbs	ibv_reg_mr_iova	memory
libibverbs	ibv_reg_mr_iova2	memory
libibverbs	ibv_register_driver	lifecycle
libibverbs	ibv_rereg_mr	memory
libibverbs	ibv_resize_cq	lifecycle
libibverbs	ibv_resolve_eth_l2_from_gid	query
libibverbs	ibv_set_ece	query
libibverbs	ibv_unimport_dm	memory
libibverbs	ibv_unimport_mr	memory
libibverbs	ibv_unimport_pd	lifecycle
libibverbs	ibv_wc_status_str	query
libibverbs	ibv_wr_opcode_str	query
libibverbs	mbps_to_ibv_rate	internal
libibverbs	mult_to_ibv_rate	internal
libibverbs	verbs_init_cq	internal
libibverbs	verbs_open_device	internal
libibverbs	verbs_register_driver_57	internal
libibverbs	verbs_set_ops	internal
libibverbs	verbs_uninit_context	internal
libmlx5	_mlx5dv_mkey_check	query
libmlx5	_mlx5dv_query_port	query
libmlx5	mlx5dv_alloc_dm	lifecycle
libmlx5	mlx5dv_alloc_var	lifecycle
libmlx5	mlx5dv_create_cq	lifecycle
libmlx5	mlx5dv_create_flow	lifecycle
libmlx5	mlx5dv_create_flow_action_esp	lifecycle
libmlx5	mlx5dv_create_flow_action_modify_header	lifecycle
libmlx5	mlx5dv_create_flow_action_packet_reformat	lifecycle
libmlx5	mlx5dv_create_flow_matcher	lifecycle
libmlx5	mlx5dv_create_mkey	lifecycle
libmlx5	mlx5dv_create_qp	lifecycle
libmlx5	mlx5dv_create_steering_anchor	lifecycle
libmlx5	mlx5dv_create_wq	lifecycle
libmlx5	mlx5dv_crypto_login	lifecycle
libmlx5	mlx5dv_crypto_login_create	lifecycle
libmlx5	mlx5dv_crypto_login_destroy	lifecycle
libmlx5	mlx5dv_crypto_login_query	lifecycle
libmlx5	mlx5dv_crypto_login_query_state	lifecycle
libmlx5	mlx5dv_crypto_logout	lifecycle
libmlx5	mlx5dv_dci_stream_id_reset	lifecycle
libmlx5	mlx5dv_dek_create	lifecycle
libmlx5	mlx5dv_dek_destroy	lifecycle
libmlx5	mlx5dv_dek_query	query
libmlx5	mlx5dv_destroy_flow_matcher	lifecycle
libmlx5	mlx5dv_destroy_mkey	lifecycle
libmlx5	mlx5dv_destroy_steering_anchor	lifecycle
libmlx5	mlx5dv_devx_alloc_msi_vector	lifecycle
libmlx5	mlx5dv_devx_alloc_uar	lifecycle
libmlx5	mlx5dv_devx_cq_modify	command
libmlx5	mlx5dv_devx_cq_query	query
libmlx5	mlx5dv_devx_create_cmd_comp	lifecycle
libmlx5	mlx5dv_devx_create_eq	lifecycle
libmlx5	mlx5dv_devx_create_event_channel	lifecycle
libmlx5	mlx5dv_devx_destroy_cmd_comp	lifecycle
libmlx5	mlx5dv_devx_destroy_eq	lifecycle
libmlx5	mlx5dv_devx_destroy_event_channel	lifecycle
libmlx5	mlx5dv_devx_free_msi_vector	lifecycle
libmlx5	mlx5dv_devx_free_uar	lifecycle
libmlx5	mlx5dv_devx_general_cmd	command
libmlx5	mlx5dv_devx_get_async_cmd_comp	query
libmlx5	mlx5dv_devx_get_event	poll
libmlx5	mlx5dv_devx_ind_tbl_modify	command
libmlx5	mlx5dv_devx_ind_tbl_query	query
libmlx5	mlx5dv_devx_obj_create	lifecycle
libmlx5	mlx5dv_devx_obj_destroy	lifecycle
libmlx5	mlx5dv_devx_obj_modify	command
libmlx5	mlx5dv_devx_obj_query	query
libmlx5	mlx5dv_devx_obj_query_async	query
libmlx5	mlx5dv_devx_qp_modify	command
libmlx5	mlx5dv_devx_qp_query	query
libmlx5	mlx5dv_devx_query_eqn	query
libmlx5	mlx5dv_devx_srq_modify	command
libmlx5	mlx5dv_devx_srq_query	query
libmlx5	mlx5dv_devx_subscribe_devx_event	poll
libmlx5	mlx5dv_devx_subscribe_devx_event_fd	poll
libmlx5	mlx5dv_devx_umem_dereg	lifecycle
libmlx5	mlx5dv_devx_umem_reg	lifecycle
libmlx5	mlx5dv_devx_umem_reg_ex	lifecycle
libmlx5	mlx5dv_devx_wq_modify	command
libmlx5	mlx5dv_devx_wq_query	query
libmlx5	mlx5dv_dm_map_op_addr	memory
libmlx5	mlx5dv_dr_action_create_aso	lifecycle
libmlx5	mlx5dv_dr_action_create_default_miss	lifecycle
libmlx5	mlx5dv_dr_action_create_dest_array	lifecycle
libmlx5	mlx5dv_dr_action_create_dest_devx_tir	lifecycle
libmlx5	mlx5dv_dr_action_create_dest_ib_port	lifecycle
libmlx5	mlx5dv_dr_action_create_dest_ibv_qp	lifecycle
libmlx5	mlx5dv_dr_action_create_dest_root_table	lifecycle
libmlx5	mlx5dv_dr_action_create_dest_table	lifecycle
libmlx5	mlx5dv_dr_action_create_dest_vport	lifecycle
libmlx5	mlx5dv_dr_action_create_drop	lifecycle
libmlx5	mlx5dv_dr_action_create_flow_counter	lifecycle
libmlx5	mlx5dv_dr_action_create_flow_meter	lifecycle
libmlx5	mlx5dv_dr_action_create_flow_sampler	lifecycle
libmlx5	mlx5dv_dr_action_create_modify_header	lifecycle
libmlx5	mlx5dv_dr_action_create_packet_reformat	lifecycle
libmlx5	mlx5dv_dr_action_create_pop_vlan	lifecycle
libmlx5	mlx5dv_dr_action_create_push_vlan	lifecycle
libmlx5	mlx5dv_dr_action_create_tag	lifecycle
libmlx5	mlx5dv_dr_action_destroy	lifecycle
libmlx5	mlx5dv_dr_action_modify_aso	lifecycle
libmlx5	mlx5dv_dr_action_modify_flow_meter	lifecycle
libmlx5	mlx5dv_dr_aso_other_domain_link	connect
libmlx5	mlx5dv_dr_aso_other_domain_unlink	lifecycle
libmlx5	mlx5dv_dr_domain_allow_duplicate_rules	lifecycle
libmlx5	mlx5dv_dr_domain_create	lifecycle
libmlx5	mlx5dv_dr_domain_destroy	lifecycle
libmlx5	mlx5dv_dr_domain_set_reclaim_device_memory	query
libmlx5	mlx5dv_dr_domain_sync	poll
libmlx5	mlx5dv_dr_matcher_create	lifecycle
libmlx5	mlx5dv_dr_matcher_destroy	lifecycle
libmlx5	mlx5dv_dr_matcher_set_layout	query
libmlx5	mlx5dv_dr_rule_create	lifecycle
libmlx5	mlx5dv_dr_rule_destroy	lifecycle
libmlx5	mlx5dv_dr_table_create	lifecycle
libmlx5	mlx5dv_dr_table_destroy	lifecycle
libmlx5	mlx5dv_dump_dr_domain	query
libmlx5	mlx5dv_dump_dr_matcher	query
libmlx5	mlx5dv_dump_dr_rule	query
libmlx5	mlx5dv_dump_dr_table	query
libmlx5	mlx5dv_free_var	lifecycle
libmlx5	mlx5dv_get_clock_info	query
libmlx5	mlx5dv_get_data_direct_sysfs_path	query
libmlx5	mlx5dv_get_vfio_device_list	query
libmlx5	mlx5dv_init_obj	lifecycle
libmlx5	mlx5dv_is_supported	capability
libmlx5	mlx5dv_map_ah_to_qp	query
libmlx5	mlx5dv_modify_qp_lag_port	lifecycle
libmlx5	mlx5dv_modify_qp_sched_elem	lifecycle
libmlx5	mlx5dv_modify_qp_udp_sport	lifecycle
libmlx5	mlx5dv_open_device	lifecycle
libmlx5	mlx5dv_pp_alloc	lifecycle
libmlx5	mlx5dv_pp_free	lifecycle
libmlx5	mlx5dv_qp_cancel_posted_send_wrs	submit
libmlx5	mlx5dv_qp_ex_from_ibv_qp_ex	query
libmlx5	mlx5dv_query_device	query
libmlx5	mlx5dv_query_qp_lag_port	query
libmlx5	mlx5dv_reg_dmabuf_mr	lifecycle
libmlx5	mlx5dv_reserved_qpn_alloc	lifecycle
libmlx5	mlx5dv_reserved_qpn_dealloc	lifecycle
libmlx5	mlx5dv_sched_leaf_create	lifecycle
libmlx5	mlx5dv_sched_leaf_destroy	lifecycle
libmlx5	mlx5dv_sched_leaf_modify	lifecycle
libmlx5	mlx5dv_sched_node_create	lifecycle
libmlx5	mlx5dv_sched_node_destroy	lifecycle
libmlx5	mlx5dv_sched_node_modify	lifecycle
libmlx5	mlx5dv_set_context_attr	query
libmlx5	mlx5dv_vfio_get_events_fd	poll
libmlx5	mlx5dv_vfio_process_events	poll
libmlx5-rdmav57	_mlx5dv_mkey_check	query
libmlx5-rdmav57	_mlx5dv_query_port	query
libmlx5-rdmav57	mlx5dv_alloc_dm	lifecycle
libmlx5-rdmav57	mlx5dv_alloc_var	lifecycle
libmlx5-rdmav57	mlx5dv_create_cq	lifecycle
libmlx5-rdmav57	mlx5dv_create_flow	lifecycle
libmlx5-rdmav57	mlx5dv_create_flow_action_esp	lifecycle
libmlx5-rdmav57	mlx5dv_create_flow_action_modify_header	lifecycle
libmlx5-rdmav57	mlx5dv_create_flow_action_packet_reformat	lifecycle
libmlx5-rdmav57	mlx5dv_create_flow_matcher	lifecycle
libmlx5-rdmav57	mlx5dv_create_mkey	lifecycle
libmlx5-rdmav57	mlx5dv_create_qp	lifecycle
libmlx5-rdmav57	mlx5dv_create_steering_anchor	lifecycle
libmlx5-rdmav57	mlx5dv_create_wq	lifecycle
libmlx5-rdmav57	mlx5dv_crypto_login	lifecycle
libmlx5-rdmav57	mlx5dv_crypto_login_create	lifecycle
libmlx5-rdmav57	mlx5dv_crypto_login_destroy	lifecycle
libmlx5-rdmav57	mlx5dv_crypto_login_query	lifecycle
libmlx5-rdmav57	mlx5dv_crypto_login_query_state	lifecycle
libmlx5-rdmav57	mlx5dv_crypto_logout	lifecycle
libmlx5-rdmav57	mlx5dv_dci_stream_id_reset	lifecycle
libmlx5-rdmav57	mlx5dv_dek_create	lifecycle
libmlx5-rdmav57	mlx5dv_dek_destroy	lifecycle
libmlx5-rdmav57	mlx5dv_dek_query	query
libmlx5-rdmav57	mlx5dv_destroy_flow_matcher	lifecycle
libmlx5-rdmav57	mlx5dv_destroy_mkey	lifecycle
libmlx5-rdmav57	mlx5dv_destroy_steering_anchor	lifecycle
libmlx5-rdmav57	mlx5dv_devx_alloc_msi_vector	lifecycle
libmlx5-rdmav57	mlx5dv_devx_alloc_uar	lifecycle
libmlx5-rdmav57	mlx5dv_devx_cq_modify	command
libmlx5-rdmav57	mlx5dv_devx_cq_query	query
libmlx5-rdmav57	mlx5dv_devx_create_cmd_comp	lifecycle
libmlx5-rdmav57	mlx5dv_devx_create_eq	lifecycle
libmlx5-rdmav57	mlx5dv_devx_create_event_channel	lifecycle
libmlx5-rdmav57	mlx5dv_devx_destroy_cmd_comp	lifecycle
libmlx5-rdmav57	mlx5dv_devx_destroy_eq	lifecycle
libmlx5-rdmav57	mlx5dv_devx_destroy_event_channel	lifecycle
libmlx5-rdmav57	mlx5dv_devx_free_msi_vector	lifecycle
libmlx5-rdmav57	mlx5dv_devx_free_uar	lifecycle
libmlx5-rdmav57	mlx5dv_devx_general_cmd	command
libmlx5-rdmav57	mlx5dv_devx_get_async_cmd_comp	query
libmlx5-rdmav57	mlx5dv_devx_get_event	poll
libmlx5-rdmav57	mlx5dv_devx_ind_tbl_modify	command
libmlx5-rdmav57	mlx5dv_devx_ind_tbl_query	query
libmlx5-rdmav57	mlx5dv_devx_obj_create	lifecycle
libmlx5-rdmav57	mlx5dv_devx_obj_destroy	lifecycle
libmlx5-rdmav57	mlx5dv_devx_obj_modify	command
libmlx5-rdmav57	mlx5dv_devx_obj_query	query
libmlx5-rdmav57	mlx5dv_devx_obj_query_async	query
libmlx5-rdmav57	mlx5dv_devx_qp_modify	command
libmlx5-rdmav57	mlx5dv_devx_qp_query	query
libmlx5-rdmav57	mlx5dv_devx_query_eqn	query
libmlx5-rdmav57	mlx5dv_devx_srq_modify	command
libmlx5-rdmav57	mlx5dv_devx_srq_query	query
libmlx5-rdmav57	mlx5dv_devx_subscribe_devx_event	poll
libmlx5-rdmav57	mlx5dv_devx_subscribe_devx_event_fd	poll
libmlx5-rdmav57	mlx5dv_devx_umem_dereg	lifecycle
libmlx5-rdmav57	mlx5dv_devx_umem_reg	lifecycle
libmlx5-rdmav57	mlx5dv_devx_umem_reg_ex	lifecycle
libmlx5-rdmav57	mlx5dv_devx_wq_modify	command
libmlx5-rdmav57	mlx5dv_devx_wq_query	query
libmlx5-rdmav57	mlx5dv_dm_map_op_addr	memory
libmlx5-rdmav57	mlx5dv_dr_action_create_aso	lifecycle
libmlx5-rdmav57	mlx5dv_dr_action_create_default_miss	lifecycle
libmlx5-rdmav57	mlx5dv_dr_action_create_dest_array	lifecycle
libmlx5-rdmav57	mlx5dv_dr_action_create_dest_devx_tir	lifecycle
libmlx5-rdmav57	mlx5dv_dr_action_create_dest_ib_port	lifecycle
libmlx5-rdmav57	mlx5dv_dr_action_create_dest_ibv_qp	lifecycle
libmlx5-rdmav57	mlx5dv_dr_action_create_dest_root_table	lifecycle
libmlx5-rdmav57	mlx5dv_dr_action_create_dest_table	lifecycle
libmlx5-rdmav57	mlx5dv_dr_action_create_dest_vport	lifecycle
libmlx5-rdmav57	mlx5dv_dr_action_create_drop	lifecycle
libmlx5-rdmav57	mlx5dv_dr_action_create_flow_counter	lifecycle
libmlx5-rdmav57	mlx5dv_dr_action_create_flow_meter	lifecycle
libmlx5-rdmav57	mlx5dv_dr_action_create_flow_sampler	lifecycle
libmlx5-rdmav57	mlx5dv_dr_action_create_modify_header	lifecycle
libmlx5-rdmav57	mlx5dv_dr_action_create_packet_reformat	lifecycle
libmlx5-rdmav57	mlx5dv_dr_action_create_pop_vlan	lifecycle
libmlx5-rdmav57	mlx5dv_dr_action_create_push_vlan	lifecycle
libmlx5-rdmav57	mlx5dv_dr_action_create_tag	lifecycle
libmlx5-rdmav57	mlx5dv_dr_action_destroy	lifecycle
libmlx5-rdmav57	mlx5dv_dr_action_modify_aso	lifecycle
libmlx5-rdmav57	mlx5dv_dr_action_modify_flow_meter	lifecycle
libmlx5-rdmav57	mlx5dv_dr_aso_other_domain_link	connect
libmlx5-rdmav57	mlx5dv_dr_aso_other_domain_unlink	lifecycle
libmlx5-rdmav57	mlx5dv_dr_domain_allow_duplicate_rules	lifecycle
libmlx5-rdmav57	mlx5dv_dr_domain_create	lifecycle
libmlx5-rdmav57	mlx5dv_dr_domain_destroy	lifecycle
libmlx5-rdmav57	mlx5dv_dr_domain_set_reclaim_device_memory	query
libmlx5-rdmav57	mlx5dv_dr_domain_sync	poll
libmlx5-rdmav57	mlx5dv_dr_matcher_create	lifecycle
libmlx5-rdmav57	mlx5dv_dr_matcher_destroy	lifecycle
libmlx5-rdmav57	mlx5dv_dr_matcher_set_layout	query
libmlx5-rdmav57	mlx5dv_dr_rule_create	lifecycle
libmlx5-rdmav57	mlx5dv_dr_rule_destroy	lifecycle
libmlx5-rdmav57	mlx5dv_dr_table_create	lifecycle
libmlx5-rdmav57	mlx5dv_dr_table_destroy	lifecycle
libmlx5-rdmav57	mlx5dv_dump_dr_domain	query
libmlx5-rdmav57	mlx5dv_dump_dr_matcher	query
libmlx5-rdmav57	mlx5dv_dump_dr_rule	query
libmlx5-rdmav57	mlx5dv_dump_dr_table	query
libmlx5-rdmav57	mlx5dv_free_var	lifecycle
libmlx5-rdmav57	mlx5dv_get_clock_info	query
libmlx5-rdmav57	mlx5dv_get_data_direct_sysfs_path	query
libmlx5-rdmav57	mlx5dv_get_vfio_device_list	query
libmlx5-rdmav57	mlx5dv_init_obj	lifecycle
libmlx5-rdmav57	mlx5dv_is_supported	capability
libmlx5-rdmav57	mlx5dv_map_ah_to_qp	query
libmlx5-rdmav57	mlx5dv_modify_qp_lag_port	lifecycle
libmlx5-rdmav57	mlx5dv_modify_qp_sched_elem	lifecycle
libmlx5-rdmav57	mlx5dv_modify_qp_udp_sport	lifecycle
libmlx5-rdmav57	mlx5dv_open_device	lifecycle
libmlx5-rdmav57	mlx5dv_pp_alloc	lifecycle
libmlx5-rdmav57	mlx5dv_pp_free	lifecycle
libmlx5-rdmav57	mlx5dv_qp_cancel_posted_send_wrs	submit
libmlx5-rdmav57	mlx5dv_qp_ex_from_ibv_qp_ex	query
libmlx5-rdmav57	mlx5dv_query_device	query
libmlx5-rdmav57	mlx5dv_query_qp_lag_port	query
libmlx5-rdmav57	mlx5dv_reg_dmabuf_mr	lifecycle
libmlx5-rdmav57	mlx5dv_reserved_qpn_alloc	lifecycle
libmlx5-rdmav57	mlx5dv_reserved_qpn_dealloc	lifecycle
libmlx5-rdmav57	mlx5dv_sched_leaf_create	lifecycle
libmlx5-rdmav57	mlx5dv_sched_leaf_destroy	lifecycle
libmlx5-rdmav57	mlx5dv_sched_leaf_modify	lifecycle
libmlx5-rdmav57	mlx5dv_sched_node_create	lifecycle
libmlx5-rdmav57	mlx5dv_sched_node_destroy	lifecycle
libmlx5-rdmav57	mlx5dv_sched_node_modify	lifecycle
libmlx5-rdmav57	mlx5dv_set_context_attr	query
libmlx5-rdmav57	mlx5dv_vfio_get_events_fd	poll
libmlx5-rdmav57	mlx5dv_vfio_process_events	poll
